target,num_qubits,source,metric,value,tool,citation,optimality,notes
2qubit/bell,2,Clifford check (qiskit Clifford.from_matrix),t_count,0,trivial,,proven_optimal,Clifford operator; lower bound: trivial (Clifford check (qiskit Clifford.from_matrix))
2qubit/bell,2,Clifford check (qiskit Clifford.from_matrix),t_depth,0,trivial,,proven_optimal,Clifford operator; lower bound: trivial (Clifford check (qiskit Clifford.from_matrix))
2qubit/ch,2,Rietsch et al. 2024 Table II,t_count,2,Gumbel AlphaZero,Rietsch et al. 2024 (IEEE QCE 2024; arXiv:2404.14865v4),best_known,Table II row 'CH'
2qubit/ch,2,Rietsch et al. 2024 Table II,t_count,2,QCOpt,Rietsch et al. 2024 (IEEE QCE 2024; arXiv:2404.14865v4),best_known,Table II row 'CH'; 3 h limit
2qubit/ch,2,Rietsch et al. 2024 Table II,t_count,2,Synthetiq,Rietsch et al. 2024 (IEEE QCE 2024; arXiv:2404.14865v4),best_known,Table II row 'CH'; 800 s limit on 48 cores
2qubit/ch,2,Amy et al. 2013 Fig. 5a,t_count,2,meet-in-the-middle search,Amy Maslov Mosca Roetteler 2013 (IEEE TCAD 32(6):818-830; arXiv:1206.0758),best_known,
2qubit/ch,2,Amy et al. 2013 Fig. 12,t_count,2,meet-in-the-middle search,Amy Maslov Mosca Roetteler 2013 (IEEE TCAD 32(6):818-830; arXiv:1206.0758),best_known,minimum-T-depth CH
2qubit/ch,2,Rietsch et al. 2024 Table II,t_count,,MIN-T-SYNTH,Rietsch et al. 2024 (IEEE QCE 2024; arXiv:2404.14865v4),reported,Table II row 'CH'; not run: would need code changes
2qubit/ch,2,Amy et al. 2013 Fig. 12,t_depth,1,meet-in-the-middle search,Amy Maslov Mosca Roetteler 2013 (IEEE TCAD 32(6):818-830; arXiv:1206.0758),proven_optimal,minimum-T-depth CH; lower bound: not a Clifford
2qubit/ch,2,Amy et al. 2013 Fig. 5a,t_depth,2,meet-in-the-middle search,Amy Maslov Mosca Roetteler 2013 (IEEE TCAD 32(6):818-830; arXiv:1206.0758),reported,
2qubit/ch,2,Amy et al. 2013 Fig. 5a,depth,7,meet-in-the-middle search,Amy Maslov Mosca Roetteler 2013 (IEEE TCAD 32(6):818-830; arXiv:1206.0758),proven_optimal,"total-depth optimal (exhaustive search, Sec. 6.1); lower bound: meet-in-the-middle search (Amy et al. 2013 Fig. 5a)"
2qubit/ch,2,Amy et al. 2013 Fig. 12,depth,9,meet-in-the-middle search,Amy Maslov Mosca Roetteler 2013 (IEEE TCAD 32(6):818-830; arXiv:1206.0758),reported,minimum-T-depth CH
2qubit/ch,2,Rietsch et al. 2024 Table II,time_s,0.086,Synthetiq,Rietsch et al. 2024 (IEEE QCE 2024; arXiv:2404.14865v4),reported,Table II row 'CH'; 800 s limit on 48 cores
2qubit/ch,2,Rietsch et al. 2024 Table II,time_s,16.23,Gumbel AlphaZero,Rietsch et al. 2024 (IEEE QCE 2024; arXiv:2404.14865v4),reported,Table II row 'CH'
2qubit/ch,2,Rietsch et al. 2024 Table II,time_s,147.12,QCOpt,Rietsch et al. 2024 (IEEE QCE 2024; arXiv:2404.14865v4),reported,Table II row 'CH'; 3 h limit
2qubit/cs,2,Rietsch et al. 2024 Table II,t_count,3,Gumbel AlphaZero,Rietsch et al. 2024 (IEEE QCE 2024; arXiv:2404.14865v4),best_known,Table II row 'CP'
2qubit/cs,2,Rietsch et al. 2024 Table II,t_count,3,MIN-T-SYNTH,Rietsch et al. 2024 (IEEE QCE 2024; arXiv:2404.14865v4),best_known,Table II row 'CP'
2qubit/cs,2,Rietsch et al. 2024 Table II,t_count,3,QCOpt,Rietsch et al. 2024 (IEEE QCE 2024; arXiv:2404.14865v4),best_known,Table II row 'CP'; 3 h limit
2qubit/cs,2,Rietsch et al. 2024 Table II,t_count,3,Synthetiq,Rietsch et al. 2024 (IEEE QCE 2024; arXiv:2404.14865v4),best_known,Table II row 'CP'; 800 s limit on 48 cores
2qubit/cs,2,Amy et al. 2013 Fig. 5b,t_count,3,meet-in-the-middle search,Amy Maslov Mosca Roetteler 2013 (IEEE TCAD 32(6):818-830; arXiv:1206.0758),best_known,
2qubit/cs,2,Amy et al. 2013 Fig. 5b,t_depth,2,meet-in-the-middle search,Amy Maslov Mosca Roetteler 2013 (IEEE TCAD 32(6):818-830; arXiv:1206.0758),proven_optimal,T-depth optimal (Sec. 6.2); lower bound: meet-in-the-middle search (Amy et al. 2013 Fig. 5b)
2qubit/cs,2,Amy et al. 2013 Fig. 5b,depth,4,meet-in-the-middle search,Amy Maslov Mosca Roetteler 2013 (IEEE TCAD 32(6):818-830; arXiv:1206.0758),proven_optimal,"total-depth optimal (exhaustive search, Sec. 6.1); lower bound: meet-in-the-middle search (Amy et al. 2013 Fig. 5b)"
2qubit/cs,2,Rietsch et al. 2024 Table II,time_s,0.007,MIN-T-SYNTH,Rietsch et al. 2024 (IEEE QCE 2024; arXiv:2404.14865v4),reported,Table II row 'CP'
2qubit/cs,2,Rietsch et al. 2024 Table II,time_s,0.082,Synthetiq,Rietsch et al. 2024 (IEEE QCE 2024; arXiv:2404.14865v4),reported,Table II row 'CP'; 800 s limit on 48 cores
2qubit/cs,2,Rietsch et al. 2024 Table II,time_s,6.15,QCOpt,Rietsch et al. 2024 (IEEE QCE 2024; arXiv:2404.14865v4),reported,Table II row 'CP'; 3 h limit
2qubit/cs,2,Rietsch et al. 2024 Table II,time_s,10.69,Gumbel AlphaZero,Rietsch et al. 2024 (IEEE QCE 2024; arXiv:2404.14865v4),reported,Table II row 'CP'
2qubit/csx,2,Rietsch et al. 2024 Table II,t_count,3,Gumbel AlphaZero,Rietsch et al. 2024 (IEEE QCE 2024; arXiv:2404.14865v4),best_known,Table II row 'CV'
2qubit/csx,2,Rietsch et al. 2024 Table II,t_count,3,QCOpt,Rietsch et al. 2024 (IEEE QCE 2024; arXiv:2404.14865v4),best_known,Table II row 'CV'; 3 h limit
2qubit/csx,2,Rietsch et al. 2024 Table II,t_count,3,Synthetiq,Rietsch et al. 2024 (IEEE QCE 2024; arXiv:2404.14865v4),best_known,Table II row 'CV'; 800 s limit on 48 cores
2qubit/csx,2,Amy et al. 2013 Fig. 5c,t_count,3,meet-in-the-middle search,Amy Maslov Mosca Roetteler 2013 (IEEE TCAD 32(6):818-830; arXiv:1206.0758),best_known,
2qubit/csx,2,Rietsch et al. 2024 Table II,t_count,,MIN-T-SYNTH,Rietsch et al. 2024 (IEEE QCE 2024; arXiv:2404.14865v4),reported,Table II row 'CV'; not run: would need code changes
2qubit/csx,2,Amy et al. 2013 Fig. 5c,t_depth,2,meet-in-the-middle search,Amy Maslov Mosca Roetteler 2013 (IEEE TCAD 32(6):818-830; arXiv:1206.0758),proven_optimal,T-depth optimal (Sec. 6.2); lower bound: meet-in-the-middle search (Amy et al. 2013 Fig. 5c)
2qubit/csx,2,Amy et al. 2013 Fig. 5c,depth,5,meet-in-the-middle search,Amy Maslov Mosca Roetteler 2013 (IEEE TCAD 32(6):818-830; arXiv:1206.0758),proven_optimal,"total-depth optimal (exhaustive search, Sec. 6.1); lower bound: meet-in-the-middle search (Amy et al. 2013 Fig. 5c)"
2qubit/csx,2,Rietsch et al. 2024 Table II,time_s,0.089,Synthetiq,Rietsch et al. 2024 (IEEE QCE 2024; arXiv:2404.14865v4),reported,Table II row 'CV'; 800 s limit on 48 cores
2qubit/csx,2,Rietsch et al. 2024 Table II,time_s,4.16,QCOpt,Rietsch et al. 2024 (IEEE QCE 2024; arXiv:2404.14865v4),reported,Table II row 'CV'; 3 h limit
2qubit/csx,2,Rietsch et al. 2024 Table II,time_s,9.82,Gumbel AlphaZero,Rietsch et al. 2024 (IEEE QCE 2024; arXiv:2404.14865v4),reported,Table II row 'CV'
2qubit/cy,2,Rietsch et al. 2024 Table II,t_count,0,Gumbel AlphaZero,Rietsch et al. 2024 (IEEE QCE 2024; arXiv:2404.14865v4),proven_optimal,Table II row 'CY'; lower bound: trivial (Clifford check (qiskit Clifford.from_matrix))
2qubit/cy,2,Rietsch et al. 2024 Table II,t_count,0,MIN-T-SYNTH,Rietsch et al. 2024 (IEEE QCE 2024; arXiv:2404.14865v4),proven_optimal,Table II row 'CY'; lower bound: trivial (Clifford check (qiskit Clifford.from_matrix))
2qubit/cy,2,Rietsch et al. 2024 Table II,t_count,0,QCOpt,Rietsch et al. 2024 (IEEE QCE 2024; arXiv:2404.14865v4),proven_optimal,Table II row 'CY'; 3 h limit; lower bound: trivial (Clifford check (qiskit Clifford.from_matrix))
2qubit/cy,2,Rietsch et al. 2024 Table II,t_count,0,Synthetiq,Rietsch et al. 2024 (IEEE QCE 2024; arXiv:2404.14865v4),proven_optimal,Table II row 'CY'; 800 s limit on 48 cores; lower bound: trivial (Clifford check (qiskit Clifford.from_matrix))
2qubit/cy,2,Clifford check (qiskit Clifford.from_matrix),t_count,0,trivial,,proven_optimal,Clifford operator; lower bound: trivial (Clifford check (qiskit Clifford.from_matrix))
2qubit/cy,2,Clifford check (qiskit Clifford.from_matrix),t_depth,0,trivial,,proven_optimal,Clifford operator; lower bound: trivial (Clifford check (qiskit Clifford.from_matrix))
2qubit/cy,2,Amy et al. 2013 Fig. 4b,depth,3,meet-in-the-middle search,Amy Maslov Mosca Roetteler 2013 (IEEE TCAD 32(6):818-830; arXiv:1206.0758),proven_optimal,"total-depth optimal (exhaustive search, Sec. 6.1); lower bound: meet-in-the-middle search (Amy et al. 2013 Fig. 4b)"
2qubit/cy,2,Rietsch et al. 2024 Table II,time_s,0.084,Synthetiq,Rietsch et al. 2024 (IEEE QCE 2024; arXiv:2404.14865v4),reported,Table II row 'CY'; 800 s limit on 48 cores
2qubit/cy,2,Rietsch et al. 2024 Table II,time_s,0.224,MIN-T-SYNTH,Rietsch et al. 2024 (IEEE QCE 2024; arXiv:2404.14865v4),reported,Table II row 'CY'
2qubit/cy,2,Rietsch et al. 2024 Table II,time_s,9.5,Gumbel AlphaZero,Rietsch et al. 2024 (IEEE QCE 2024; arXiv:2404.14865v4),reported,Table II row 'CY'
2qubit/cy,2,Rietsch et al. 2024 Table II,time_s,16.84,QCOpt,Rietsch et al. 2024 (IEEE QCE 2024; arXiv:2404.14865v4),reported,Table II row 'CY'; 3 h limit
2qubit/cz,2,Rietsch et al. 2024 Table II,t_count,0,Gumbel AlphaZero,Rietsch et al. 2024 (IEEE QCE 2024; arXiv:2404.14865v4),proven_optimal,Table II row 'CZ'; lower bound: trivial (Clifford check (qiskit Clifford.from_matrix))
2qubit/cz,2,Rietsch et al. 2024 Table II,t_count,0,MIN-T-SYNTH,Rietsch et al. 2024 (IEEE QCE 2024; arXiv:2404.14865v4),proven_optimal,Table II row 'CZ'; lower bound: trivial (Clifford check (qiskit Clifford.from_matrix))
2qubit/cz,2,Rietsch et al. 2024 Table II,t_count,0,QCOpt,Rietsch et al. 2024 (IEEE QCE 2024; arXiv:2404.14865v4),proven_optimal,Table II row 'CZ'; 3 h limit; lower bound: trivial (Clifford check (qiskit Clifford.from_matrix))
2qubit/cz,2,Rietsch et al. 2024 Table II,t_count,0,Synthetiq,Rietsch et al. 2024 (IEEE QCE 2024; arXiv:2404.14865v4),proven_optimal,Table II row 'CZ'; 800 s limit on 48 cores; lower bound: trivial (Clifford check (qiskit Clifford.from_matrix))
2qubit/cz,2,Clifford check (qiskit Clifford.from_matrix),t_count,0,trivial,,proven_optimal,Clifford operator; lower bound: trivial (Clifford check (qiskit Clifford.from_matrix))
2qubit/cz,2,Clifford check (qiskit Clifford.from_matrix),t_depth,0,trivial,,proven_optimal,Clifford operator; lower bound: trivial (Clifford check (qiskit Clifford.from_matrix))
2qubit/cz,2,Amy et al. 2013 Fig. 4c,depth,3,meet-in-the-middle search,Amy Maslov Mosca Roetteler 2013 (IEEE TCAD 32(6):818-830; arXiv:1206.0758),proven_optimal,"total-depth optimal (exhaustive search, Sec. 6.1); lower bound: meet-in-the-middle search (Amy et al. 2013 Fig. 4c)"
2qubit/cz,2,Rietsch et al. 2024 Table II,time_s,0.08,Synthetiq,Rietsch et al. 2024 (IEEE QCE 2024; arXiv:2404.14865v4),reported,Table II row 'CZ'; 800 s limit on 48 cores
2qubit/cz,2,Rietsch et al. 2024 Table II,time_s,0.1,QCOpt,Rietsch et al. 2024 (IEEE QCE 2024; arXiv:2404.14865v4),reported,Table II row 'CZ'; 3 h limit
2qubit/cz,2,Rietsch et al. 2024 Table II,time_s,0.33,MIN-T-SYNTH,Rietsch et al. 2024 (IEEE QCE 2024; arXiv:2404.14865v4),reported,Table II row 'CZ'
2qubit/cz,2,Rietsch et al. 2024 Table II,time_s,9.41,Gumbel AlphaZero,Rietsch et al. 2024 (IEEE QCE 2024; arXiv:2404.14865v4),reported,Table II row 'CZ'
2qubit/dcx,2,Clifford check (qiskit Clifford.from_matrix),t_count,0,trivial,,proven_optimal,Clifford operator; lower bound: trivial (Clifford check (qiskit Clifford.from_matrix))
2qubit/dcx,2,Clifford check (qiskit Clifford.from_matrix),t_depth,0,trivial,,proven_optimal,Clifford operator; lower bound: trivial (Clifford check (qiskit Clifford.from_matrix))
2qubit/ecr,2,Clifford check (qiskit Clifford.from_matrix),t_count,0,trivial,,proven_optimal,Clifford operator; lower bound: trivial (Clifford check (qiskit Clifford.from_matrix))
2qubit/ecr,2,Clifford check (qiskit Clifford.from_matrix),t_depth,0,trivial,,proven_optimal,Clifford operator; lower bound: trivial (Clifford check (qiskit Clifford.from_matrix))
2qubit/iswap,2,Clifford check (qiskit Clifford.from_matrix),t_count,0,trivial,,proven_optimal,Clifford operator; lower bound: trivial (Clifford check (qiskit Clifford.from_matrix))
2qubit/iswap,2,Clifford check (qiskit Clifford.from_matrix),t_depth,0,trivial,,proven_optimal,Clifford operator; lower bound: trivial (Clifford check (qiskit Clifford.from_matrix))
2qubit/swap,2,Rietsch et al. 2024 Table II,t_count,0,Gumbel AlphaZero,Rietsch et al. 2024 (IEEE QCE 2024; arXiv:2404.14865v4),proven_optimal,Table II row 'SWAP'; lower bound: trivial (Clifford check (qiskit Clifford.from_matrix))
2qubit/swap,2,Rietsch et al. 2024 Table II,t_count,0,MIN-T-SYNTH,Rietsch et al. 2024 (IEEE QCE 2024; arXiv:2404.14865v4),proven_optimal,Table II row 'SWAP'; lower bound: trivial (Clifford check (qiskit Clifford.from_matrix))
2qubit/swap,2,Rietsch et al. 2024 Table II,t_count,0,QCOpt,Rietsch et al. 2024 (IEEE QCE 2024; arXiv:2404.14865v4),proven_optimal,Table II row 'SWAP'; 3 h limit; lower bound: trivial (Clifford check (qiskit Clifford.from_matrix))
2qubit/swap,2,Rietsch et al. 2024 Table II,t_count,0,Synthetiq,Rietsch et al. 2024 (IEEE QCE 2024; arXiv:2404.14865v4),proven_optimal,Table II row 'SWAP'; 800 s limit on 48 cores; lower bound: trivial (Clifford check (qiskit Clifford.from_matrix))
2qubit/swap,2,Clifford check (qiskit Clifford.from_matrix),t_count,0,trivial,,proven_optimal,Clifford operator; lower bound: trivial (Clifford check (qiskit Clifford.from_matrix))
2qubit/swap,2,Clifford check (qiskit Clifford.from_matrix),t_depth,0,trivial,,proven_optimal,Clifford operator; lower bound: trivial (Clifford check (qiskit Clifford.from_matrix))
2qubit/swap,2,Rietsch et al. 2024 Table II,time_s,0.01,QCOpt,Rietsch et al. 2024 (IEEE QCE 2024; arXiv:2404.14865v4),reported,Table II row 'SWAP'; 3 h limit
2qubit/swap,2,Rietsch et al. 2024 Table II,time_s,0.08,Synthetiq,Rietsch et al. 2024 (IEEE QCE 2024; arXiv:2404.14865v4),reported,Table II row 'SWAP'; 800 s limit on 48 cores
2qubit/swap,2,Rietsch et al. 2024 Table II,time_s,0.353,MIN-T-SYNTH,Rietsch et al. 2024 (IEEE QCE 2024; arXiv:2404.14865v4),reported,Table II row 'SWAP'
2qubit/swap,2,Rietsch et al. 2024 Table II,time_s,9.27,Gumbel AlphaZero,Rietsch et al. 2024 (IEEE QCE 2024; arXiv:2404.14865v4),reported,Table II row 'SWAP'
2qubit/w,2,Rietsch et al. 2024 Table II,t_count,0,QCOpt,Rietsch et al. 2024 (IEEE QCE 2024; arXiv:2404.14865v4),reported,Table II row 'W'; 3 h limit; INCONSISTENT: below the proven lower bound 1 (not a Clifford)
2qubit/w,2,Rietsch et al. 2024 Table II,t_count,2,Gumbel AlphaZero,Rietsch et al. 2024 (IEEE QCE 2024; arXiv:2404.14865v4),best_known,Table II row 'W'
2qubit/w,2,Rietsch et al. 2024 Table II,t_count,2,Synthetiq,Rietsch et al. 2024 (IEEE QCE 2024; arXiv:2404.14865v4),best_known,Table II row 'W'; 800 s limit on 48 cores
2qubit/w,2,Amy et al. 2013 Fig. 6,t_count,2,meet-in-the-middle search,Amy Maslov Mosca Roetteler 2013 (IEEE TCAD 32(6):818-830; arXiv:1206.0758),best_known,
2qubit/w,2,Rietsch et al. 2024 Table II,t_count,,MIN-T-SYNTH,Rietsch et al. 2024 (IEEE QCE 2024; arXiv:2404.14865v4),reported,Table II row 'W'; not run: would need code changes
2qubit/w,2,Amy et al. 2013 Fig. 6,t_depth,1,meet-in-the-middle search,Amy Maslov Mosca Roetteler 2013 (IEEE TCAD 32(6):818-830; arXiv:1206.0758),proven_optimal,T-depth optimal (Sec. 6.2); lower bound: meet-in-the-middle search (Amy et al. 2013 Fig. 6)
2qubit/w,2,Amy et al. 2013 Fig. 6,depth,9,meet-in-the-middle search,Amy Maslov Mosca Roetteler 2013 (IEEE TCAD 32(6):818-830; arXiv:1206.0758),proven_optimal,"total-depth optimal (exhaustive search, Sec. 6.1); lower bound: meet-in-the-middle search (Amy et al. 2013 Fig. 6)"
2qubit/w,2,Rietsch et al. 2024 Table II,time_s,0.087,Synthetiq,Rietsch et al. 2024 (IEEE QCE 2024; arXiv:2404.14865v4),reported,Table II row 'W'; 800 s limit on 48 cores
2qubit/w,2,Rietsch et al. 2024 Table II,time_s,9.62,Gumbel AlphaZero,Rietsch et al. 2024 (IEEE QCE 2024; arXiv:2404.14865v4),reported,Table II row 'W'
2qubit/w,2,Rietsch et al. 2024 Table II,time_s,3221.21,QCOpt,Rietsch et al. 2024 (IEEE QCE 2024; arXiv:2404.14865v4),reported,Table II row 'W'; 3 h limit
CT,2,Rietsch et al. 2024 Table II,t_count,,Gumbel AlphaZero,Rietsch et al. 2024 (IEEE QCE 2024; arXiv:2404.14865v4),reported,Table II row 'CT'; no target file: not exactly reachable without an ancilla (det omega); failed: time limit or no convergence
CT,2,Rietsch et al. 2024 Table II,t_count,,MIN-T-SYNTH,Rietsch et al. 2024 (IEEE QCE 2024; arXiv:2404.14865v4),reported,Table II row 'CT'; no target file: not exactly reachable without an ancilla (det omega); not run: would need code changes
CT,2,Rietsch et al. 2024 Table II,t_count,,QCOpt,Rietsch et al. 2024 (IEEE QCE 2024; arXiv:2404.14865v4),reported,Table II row 'CT'; no target file: not exactly reachable without an ancilla (det omega); 3 h limit; failed: time limit or no convergence
CT,2,Rietsch et al. 2024 Table II,t_count,,Synthetiq,Rietsch et al. 2024 (IEEE QCE 2024; arXiv:2404.14865v4),reported,Table II row 'CT'; no target file: not exactly reachable without an ancilla (det omega); 800 s limit on 48 cores; failed: time limit or no convergence
3qubit/cch,3,synthetiq data/circuits/64/cch_tcount.qasm,t_count,9,Synthetiq,Paradis Dekoninck Bichsel Vechev 2024 (OOPSLA; Synthetiq),best_known,T-count-optimized run; circuit checked against the target (qubit-reversed)
3qubit/cch,3,synthetiq data/baselines/mosca/comparison/cch.txt,t_count,,Mosca-Mukhopadhyay,Mosca & Mukhopadhyay 2021 (Quantum Sci. Technol. 7(1); doi:10.1088/2058-9565/ac2d3a; arXiv:2006.12440),reported,no circuit found
3qubit/cch,3,synthetiq data/baselines/gheorgiu/comparison/cch.txt,t_depth,4,Gheorghiu-Mosca-Mukhopadhyay,Gheorghiu Mosca Mukhopadhyay 2022 (npj Quantum Inf. 8:110; arXiv:2101.03142),best_known,
3qubit/cch,3,synthetiq data/circuits/64/cch_tdepth.qasm,t_depth,4,Synthetiq,Paradis Dekoninck Bichsel Vechev 2024 (OOPSLA; Synthetiq),best_known,T-depth-optimized run; circuit checked against the target (qubit-reversed)
3qubit/cch,3,synthetiq data/circuits/64/cch_tcount.qasm,gate_count,34,Synthetiq,Paradis Dekoninck Bichsel Vechev 2024 (OOPSLA; Synthetiq),best_known,T-count-optimized run; circuit checked against the target (qubit-reversed)
3qubit/cch,3,synthetiq data/circuits/64/cch_tcount.qasm,depth,21,Synthetiq,Paradis Dekoninck Bichsel Vechev 2024 (OOPSLA; Synthetiq),best_known,T-count-optimized run; circuit checked against the target (qubit-reversed)
3qubit/cch,3,synthetiq data/circuits/64/table6.csv,time_s,6.35,Synthetiq,Paradis Dekoninck Bichsel Vechev 2024 (OOPSLA; Synthetiq),reported,t_count run: mean time to an optimal circuit
3qubit/cch,3,synthetiq data/baselines/gheorgiu/comparison/cch.txt,time_s,29.111,Gheorghiu-Mosca-Mukhopadhyay,Gheorghiu Mosca Mukhopadhyay 2022 (npj Quantum Inf. 8:110; arXiv:2101.03142),reported,t_depth search
3qubit/cch,3,synthetiq data/circuits/64/table6.csv,time_s,55.93,Synthetiq,Paradis Dekoninck Bichsel Vechev 2024 (OOPSLA; Synthetiq),reported,t_depth run: mean time to an optimal circuit
3qubit/cch,3,synthetiq data/baselines/mosca/comparison/cch.txt,time_s,326.040226,Mosca-Mukhopadhyay,Mosca & Mukhopadhyay 2021 (Quantum Sci. Technol. 7(1); doi:10.1088/2058-9565/ac2d3a; arXiv:2006.12440),reported,t_count search; no circuit found
3qubit/ccz,3,derived: Clifford equivalence to Toffoli,t_count,7,Gosset et al. lower bound + Toffoli circuit,Gosset Kliuchnikov Mosca Russo 2014 (QIC 14(15&16):1261-1276; arXiv:1308.4134),proven_optimal,"= h(2) ccx(0,1,2) h(2) (equal), Clifford-equivalent to Toffoli; lower bound: Gosset et al. lower bound + Toffoli circuit (derived: Clifford equivalence to Toffoli)"
3qubit/ccz,3,derived: Clifford equivalence to Toffoli,t_depth,3,Amy et al. Fig. 13 Toffoli + Clifford gates,Amy Maslov Mosca Roetteler 2013 (IEEE TCAD 32(6):818-830; arXiv:1206.0758),proven_optimal,"= h(2) ccx(0,1,2) h(2) (equal), Clifford-equivalent to Toffoli; lower bound: T-depth >= ceil(T-count 7 / 3 qubits)"
3qubit/csqrtiswap,3,synthetiq data/circuits/62/csqrtiswap.qasm,t_count,10,Synthetiq,Paradis Dekoninck Bichsel Vechev 2024 (OOPSLA; Synthetiq),best_known,T-depth-optimized run; circuit checked against the target (equal)
3qubit/csqrtiswap,3,synthetiq data/circuits/62/csqrtiswap.qasm,t_depth,6,Synthetiq,Paradis Dekoninck Bichsel Vechev 2024 (OOPSLA; Synthetiq),best_known,T-depth-optimized run; circuit checked against the target (equal)
3qubit/csqrtiswap,3,synthetiq data/circuits/62/table4.csv,t_depth,27,Table 4 baseline,Paradis Dekoninck Bichsel Vechev 2024 (OOPSLA; Synthetiq),reported,gate-by-gate controlled sqrt(iSWAP) circuit after resynthesis; exceeds the best T-count 10
3qubit/csqrtiswap,3,synthetiq data/circuits/62/csqrtiswap.qasm,gate_count,37,Synthetiq,Paradis Dekoninck Bichsel Vechev 2024 (OOPSLA; Synthetiq),best_known,T-depth-optimized run; circuit checked against the target (equal)
3qubit/csqrtiswap,3,synthetiq data/circuits/62/csqrtiswap.qasm,depth,29,Synthetiq,Paradis Dekoninck Bichsel Vechev 2024 (OOPSLA; Synthetiq),best_known,T-depth-optimized run; circuit checked against the target (equal)
3qubit/fredkin,3,derived: Clifford equivalence to Toffoli,t_count,7,Gosset et al. lower bound + Toffoli circuit,Gosset Kliuchnikov Mosca Russo 2014 (QIC 14(15&16):1261-1276; arXiv:1308.4134),proven_optimal,"= cx(2,1) ccx(0,1,2) cx(2,1) (equal), Clifford-equivalent to Toffoli; lower bound: T-count algorithm (Gosset et al. 2014 Sec. 5)"
3qubit/fredkin,3,Rietsch et al. 2024 Table II,t_count,7,Gumbel AlphaZero,Rietsch et al. 2024 (IEEE QCE 2024; arXiv:2404.14865v4),proven_optimal,Table II row 'Fredkin'; lower bound: T-count algorithm (Gosset et al. 2014 Sec. 5)
3qubit/fredkin,3,Rietsch et al. 2024 Table II,t_count,7,MIN-T-SYNTH,Rietsch et al. 2024 (IEEE QCE 2024; arXiv:2404.14865v4),proven_optimal,Table II row 'Fredkin'; lower bound: T-count algorithm (Gosset et al. 2014 Sec. 5)
3qubit/fredkin,3,Mosca & Mukhopadhyay 2021 Table 1,t_count,7,MIN-T-SYNTH,Mosca & Mukhopadhyay 2021 (Quantum Sci. Technol. 7(1); doi:10.1088/2058-9565/ac2d3a; arXiv:2006.12440),proven_optimal,lower bound: T-count algorithm (Gosset et al. 2014 Sec. 5)
3qubit/fredkin,3,Rietsch et al. 2024 Table II,t_count,7,Synthetiq,Rietsch et al. 2024 (IEEE QCE 2024; arXiv:2404.14865v4),proven_optimal,Table II row 'Fredkin'; 800 s limit on 48 cores; lower bound: T-count algorithm (Gosset et al. 2014 Sec. 5)
3qubit/fredkin,3,Gosset et al. 2014 Sec. 5,t_count,7,T-count algorithm,Gosset Kliuchnikov Mosca Russo 2014 (QIC 14(15&16):1261-1276; arXiv:1308.4134),proven_optimal,proven minimal: no circuit with 6 or fewer T gates; lower bound: T-count algorithm (Gosset et al. 2014 Sec. 5)
3qubit/fredkin,3,Amy et al. 2013 Fig. 7e,t_count,7,meet-in-the-middle search,Amy Maslov Mosca Roetteler 2013 (IEEE TCAD 32(6):818-830; arXiv:1206.0758),proven_optimal,lower bound: T-count algorithm (Gosset et al. 2014 Sec. 5)
3qubit/fredkin,3,Rietsch et al. 2024 Table II,t_count,,QCOpt,Rietsch et al. 2024 (IEEE QCE 2024; arXiv:2404.14865v4),reported,Table II row 'Fredkin'; 3 h limit; failed: time limit or no convergence
3qubit/fredkin,3,derived: Clifford equivalence to Toffoli,t_depth,3,Amy et al. Fig. 13 Toffoli + Clifford gates,Amy Maslov Mosca Roetteler 2013 (IEEE TCAD 32(6):818-830; arXiv:1206.0758),proven_optimal,"= cx(2,1) ccx(0,1,2) cx(2,1) (equal), Clifford-equivalent to Toffoli; lower bound: T-depth >= ceil(T-count 7 / 3 qubits)"
3qubit/fredkin,3,Amy et al. 2013 Fig. 7e,t_depth,4,meet-in-the-middle search,Amy Maslov Mosca Roetteler 2013 (IEEE TCAD 32(6):818-830; arXiv:1206.0758),reported,
3qubit/fredkin,3,Amy et al. 2013 Fig. 7e,depth,10,meet-in-the-middle search,Amy Maslov Mosca Roetteler 2013 (IEEE TCAD 32(6):818-830; arXiv:1206.0758),proven_optimal,"total-depth optimal (exhaustive search, Sec. 6.1); lower bound: meet-in-the-middle search (Amy et al. 2013 Fig. 7e)"
3qubit/fredkin,3,Rietsch et al. 2024 Table II,time_s,0.779,Synthetiq,Rietsch et al. 2024 (IEEE QCE 2024; arXiv:2404.14865v4),reported,Table II row 'Fredkin'; 800 s limit on 48 cores
3qubit/fredkin,3,Rietsch et al. 2024 Table II,time_s,4.85,MIN-T-SYNTH,Rietsch et al. 2024 (IEEE QCE 2024; arXiv:2404.14865v4),reported,Table II row 'Fredkin'
3qubit/fredkin,3,Mosca & Mukhopadhyay 2021 Table 1,time_s,5.9,MIN-T-SYNTH,Mosca & Mukhopadhyay 2021 (Quantum Sci. Technol. 7(1); doi:10.1088/2058-9565/ac2d3a; arXiv:2006.12440),reported,
3qubit/fredkin,3,Rietsch et al. 2024 Table II,time_s,16.96,Gumbel AlphaZero,Rietsch et al. 2024 (IEEE QCE 2024; arXiv:2404.14865v4),reported,Table II row 'Fredkin'
3qubit/maj,3,derived: Clifford equivalence to Toffoli,t_count,7,Gosset et al. lower bound + Toffoli circuit,Gosset Kliuchnikov Mosca Russo 2014 (QIC 14(15&16):1261-1276; arXiv:1308.4134),proven_optimal,"= cx(2,1) cx(2,0) ccx(0,1,2) (equal), Clifford-equivalent to Toffoli; lower bound: Gosset et al. lower bound + Toffoli circuit (derived: Clifford equivalence to Toffoli)"
3qubit/maj,3,derived: Clifford equivalence to Toffoli,t_depth,3,Amy et al. Fig. 13 Toffoli + Clifford gates,Amy Maslov Mosca Roetteler 2013 (IEEE TCAD 32(6):818-830; arXiv:1206.0758),proven_optimal,"= cx(2,1) cx(2,0) ccx(0,1,2) (equal), Clifford-equivalent to Toffoli; lower bound: T-depth >= ceil(T-count 7 / 3 qubits)"
3qubit/peres,3,derived: Clifford equivalence to Toffoli,t_count,7,Gosset et al. lower bound + Toffoli circuit,Gosset Kliuchnikov Mosca Russo 2014 (QIC 14(15&16):1261-1276; arXiv:1308.4134),proven_optimal,"= ccx(0,1,2) cx(0,1) (equal), Clifford-equivalent to Toffoli; lower bound: Gosset et al. lower bound + Toffoli circuit (derived: Clifford equivalence to Toffoli)"
3qubit/peres,3,Rietsch et al. 2024 Table II,t_count,7,Gumbel AlphaZero,Rietsch et al. 2024 (IEEE QCE 2024; arXiv:2404.14865v4),proven_optimal,Table II row 'Peres'; lower bound: Gosset et al. lower bound + Toffoli circuit (derived: Clifford equivalence to Toffoli)
3qubit/peres,3,Rietsch et al. 2024 Table II,t_count,7,MIN-T-SYNTH,Rietsch et al. 2024 (IEEE QCE 2024; arXiv:2404.14865v4),proven_optimal,Table II row 'Peres'; lower bound: Gosset et al. lower bound + Toffoli circuit (derived: Clifford equivalence to Toffoli)
3qubit/peres,3,Mosca & Mukhopadhyay 2021 Table 1,t_count,7,MIN-T-SYNTH,Mosca & Mukhopadhyay 2021 (Quantum Sci. Technol. 7(1); doi:10.1088/2058-9565/ac2d3a; arXiv:2006.12440),proven_optimal,lower bound: Gosset et al. lower bound + Toffoli circuit (derived: Clifford equivalence to Toffoli)
3qubit/peres,3,Rietsch et al. 2024 Table II,t_count,7,Synthetiq,Rietsch et al. 2024 (IEEE QCE 2024; arXiv:2404.14865v4),proven_optimal,Table II row 'Peres'; 800 s limit on 48 cores; lower bound: Gosset et al. lower bound + Toffoli circuit (derived: Clifford equivalence to Toffoli)
3qubit/peres,3,Amy et al. 2013 Fig. 7d,t_count,7,meet-in-the-middle search,Amy Maslov Mosca Roetteler 2013 (IEEE TCAD 32(6):818-830; arXiv:1206.0758),proven_optimal,lower bound: Gosset et al. lower bound + Toffoli circuit (derived: Clifford equivalence to Toffoli)
3qubit/peres,3,Rietsch et al. 2024 Table II,t_count,,QCOpt,Rietsch et al. 2024 (IEEE QCE 2024; arXiv:2404.14865v4),reported,Table II row 'Peres'; 3 h limit; failed: time limit or no convergence
3qubit/peres,3,derived: Clifford equivalence to Toffoli,t_depth,3,Amy et al. Fig. 13 Toffoli + Clifford gates,Amy Maslov Mosca Roetteler 2013 (IEEE TCAD 32(6):818-830; arXiv:1206.0758),proven_optimal,"= ccx(0,1,2) cx(0,1) (equal), Clifford-equivalent to Toffoli; lower bound: T-depth >= ceil(T-count 7 / 3 qubits)"
3qubit/peres,3,Amy et al. 2013 Fig. 7d,t_depth,4,meet-in-the-middle search,Amy Maslov Mosca Roetteler 2013 (IEEE TCAD 32(6):818-830; arXiv:1206.0758),reported,
3qubit/peres,3,Amy et al. 2013 Fig. 7d,depth,8,meet-in-the-middle search,Amy Maslov Mosca Roetteler 2013 (IEEE TCAD 32(6):818-830; arXiv:1206.0758),proven_optimal,"total-depth optimal (exhaustive search, Sec. 6.1); lower bound: meet-in-the-middle search (Amy et al. 2013 Fig. 7d)"
3qubit/peres,3,Rietsch et al. 2024 Table II,time_s,0.321,Synthetiq,Rietsch et al. 2024 (IEEE QCE 2024; arXiv:2404.14865v4),reported,Table II row 'Peres'; 800 s limit on 48 cores
3qubit/peres,3,Rietsch et al. 2024 Table II,time_s,5.0,MIN-T-SYNTH,Rietsch et al. 2024 (IEEE QCE 2024; arXiv:2404.14865v4),reported,Table II row 'Peres'
3qubit/peres,3,Mosca & Mukhopadhyay 2021 Table 1,time_s,5.74,MIN-T-SYNTH,Mosca & Mukhopadhyay 2021 (Quantum Sci. Technol. 7(1); doi:10.1088/2058-9565/ac2d3a; arXiv:2006.12440),reported,
3qubit/peres,3,Rietsch et al. 2024 Table II,time_s,16.87,Gumbel AlphaZero,Rietsch et al. 2024 (IEEE QCE 2024; arXiv:2404.14865v4),reported,Table II row 'Peres'
3qubit/qor,3,derived: Clifford equivalence to Toffoli,t_count,7,Gosset et al. lower bound + Toffoli circuit,Gosset Kliuchnikov Mosca Russo 2014 (QIC 14(15&16):1261-1276; arXiv:1308.4134),proven_optimal,"= x(0) x(1) ccx(0,1,2) x(0) x(1) x(2) (equal), Clifford-equivalent to Toffoli; lower bound: Gosset et al. lower bound + Toffoli circuit (derived: Clifford equivalence to Toffoli)"
3qubit/qor,3,Rietsch et al. 2024 Table II,t_count,7,Gumbel AlphaZero,Rietsch et al. 2024 (IEEE QCE 2024; arXiv:2404.14865v4),proven_optimal,Table II row 'QOR'; lower bound: Gosset et al. lower bound + Toffoli circuit (derived: Clifford equivalence to Toffoli)
3qubit/qor,3,Rietsch et al. 2024 Table II,t_count,7,MIN-T-SYNTH,Rietsch et al. 2024 (IEEE QCE 2024; arXiv:2404.14865v4),proven_optimal,Table II row 'QOR'; lower bound: Gosset et al. lower bound + Toffoli circuit (derived: Clifford equivalence to Toffoli)
3qubit/qor,3,Mosca & Mukhopadhyay 2021 Table 1,t_count,7,MIN-T-SYNTH,Mosca & Mukhopadhyay 2021 (Quantum Sci. Technol. 7(1); doi:10.1088/2058-9565/ac2d3a; arXiv:2006.12440),proven_optimal,lower bound: Gosset et al. lower bound + Toffoli circuit (derived: Clifford equivalence to Toffoli)
3qubit/qor,3,Rietsch et al. 2024 Table II,t_count,7,Synthetiq,Rietsch et al. 2024 (IEEE QCE 2024; arXiv:2404.14865v4),proven_optimal,Table II row 'QOR'; 800 s limit on 48 cores; lower bound: Gosset et al. lower bound + Toffoli circuit (derived: Clifford equivalence to Toffoli)
3qubit/qor,3,Amy et al. 2013 Fig. 7c,t_count,7,meet-in-the-middle search,Amy Maslov Mosca Roetteler 2013 (IEEE TCAD 32(6):818-830; arXiv:1206.0758),proven_optimal,lower bound: Gosset et al. lower bound + Toffoli circuit (derived: Clifford equivalence to Toffoli)
3qubit/qor,3,Rietsch et al. 2024 Table II,t_count,,QCOpt,Rietsch et al. 2024 (IEEE QCE 2024; arXiv:2404.14865v4),reported,Table II row 'QOR'; 3 h limit; failed: time limit or no convergence
3qubit/qor,3,derived: Clifford equivalence to Toffoli,t_depth,3,Amy et al. Fig. 13 Toffoli + Clifford gates,Amy Maslov Mosca Roetteler 2013 (IEEE TCAD 32(6):818-830; arXiv:1206.0758),proven_optimal,"= x(0) x(1) ccx(0,1,2) x(0) x(1) x(2) (equal), Clifford-equivalent to Toffoli; lower bound: T-depth >= ceil(T-count 7 / 3 qubits)"
3qubit/qor,3,Amy et al. 2013 Fig. 7c,t_depth,4,meet-in-the-middle search,Amy Maslov Mosca Roetteler 2013 (IEEE TCAD 32(6):818-830; arXiv:1206.0758),reported,
3qubit/qor,3,Amy et al. 2013 Fig. 7c,depth,8,meet-in-the-middle search,Amy Maslov Mosca Roetteler 2013 (IEEE TCAD 32(6):818-830; arXiv:1206.0758),proven_optimal,"total-depth optimal (exhaustive search, Sec. 6.1); lower bound: meet-in-the-middle search (Amy et al. 2013 Fig. 7c)"
3qubit/qor,3,Rietsch et al. 2024 Table II,time_s,0.25,Synthetiq,Rietsch et al. 2024 (IEEE QCE 2024; arXiv:2404.14865v4),reported,Table II row 'QOR'; 800 s limit on 48 cores
3qubit/qor,3,Rietsch et al. 2024 Table II,time_s,5.09,MIN-T-SYNTH,Rietsch et al. 2024 (IEEE QCE 2024; arXiv:2404.14865v4),reported,Table II row 'QOR'
3qubit/qor,3,Mosca & Mukhopadhyay 2021 Table 1,time_s,5.74,MIN-T-SYNTH,Mosca & Mukhopadhyay 2021 (Quantum Sci. Technol. 7(1); doi:10.1088/2058-9565/ac2d3a; arXiv:2006.12440),reported,
3qubit/qor,3,Rietsch et al. 2024 Table II,time_s,16.56,Gumbel AlphaZero,Rietsch et al. 2024 (IEEE QCE 2024; arXiv:2404.14865v4),reported,Table II row 'QOR'
3qubit/rccx,3,qiskit rccx definition,t_count,4,qiskit RCCXGate definition (Margolus),,best_known,the definition's gates as written (qubit-reversed)
3qubit/rccx,3,qiskit rccx definition,t_depth,4,qiskit RCCXGate definition (Margolus),,best_known,the definition's gates as written (qubit-reversed)
3qubit/rccx,3,qiskit rccx definition,gate_count,9,qiskit RCCXGate definition (Margolus),,best_known,the definition's gates as written (qubit-reversed)
3qubit/rccx,3,qiskit rccx definition,depth,9,qiskit RCCXGate definition (Margolus),,best_known,the definition's gates as written (qubit-reversed)
3qubit/toffoli,3,derived: Clifford equivalence to Toffoli,t_count,7,Gosset et al. lower bound + Toffoli circuit,Gosset Kliuchnikov Mosca Russo 2014 (QIC 14(15&16):1261-1276; arXiv:1308.4134),proven_optimal,"= ccx(0,1,2) (equal), Clifford-equivalent to Toffoli; lower bound: T-count algorithm (Gosset et al. 2014 Sec. 5)"
3qubit/toffoli,3,Rietsch et al. 2024 Table II,t_count,7,Gumbel AlphaZero,Rietsch et al. 2024 (IEEE QCE 2024; arXiv:2404.14865v4),proven_optimal,Table II row 'Toffoli'; lower bound: T-count algorithm (Gosset et al. 2014 Sec. 5)
3qubit/toffoli,3,Rietsch et al. 2024 Table II,t_count,7,MIN-T-SYNTH,Rietsch et al. 2024 (IEEE QCE 2024; arXiv:2404.14865v4),proven_optimal,Table II row 'Toffoli'; lower bound: T-count algorithm (Gosset et al. 2014 Sec. 5)
3qubit/toffoli,3,Mosca & Mukhopadhyay 2021 Table 1,t_count,7,MIN-T-SYNTH,Mosca & Mukhopadhyay 2021 (Quantum Sci. Technol. 7(1); doi:10.1088/2058-9565/ac2d3a; arXiv:2006.12440),proven_optimal,lower bound: T-count algorithm (Gosset et al. 2014 Sec. 5)
3qubit/toffoli,3,synthetiq data/baselines/mosca/comparison/ccx.txt,t_count,7,Mosca-Mukhopadhyay,Mosca & Mukhopadhyay 2021 (Quantum Sci. Technol. 7(1); doi:10.1088/2058-9565/ac2d3a; arXiv:2006.12440),proven_optimal,lower bound: T-count algorithm (Gosset et al. 2014 Sec. 5)
3qubit/toffoli,3,Rietsch et al. 2024 Table II,t_count,7,QCOpt,Rietsch et al. 2024 (IEEE QCE 2024; arXiv:2404.14865v4),proven_optimal,Table II row 'Toffoli'; 3 h limit; lower bound: T-count algorithm (Gosset et al. 2014 Sec. 5)
3qubit/toffoli,3,Rietsch et al. 2024 Table II,t_count,7,Synthetiq,Rietsch et al. 2024 (IEEE QCE 2024; arXiv:2404.14865v4),proven_optimal,Table II row 'Toffoli'; 800 s limit on 48 cores; lower bound: T-count algorithm (Gosset et al. 2014 Sec. 5)
3qubit/toffoli,3,synthetiq data/circuits/64/ccx_tcount.qasm,t_count,7,Synthetiq,Paradis Dekoninck Bichsel Vechev 2024 (OOPSLA; Synthetiq),proven_optimal,T-count-optimized run; circuit checked against the target (qubit-reversed); lower bound: T-count algorithm (Gosset et al. 2014 Sec. 5)
3qubit/toffoli,3,Gosset et al. 2014 Sec. 5,t_count,7,T-count algorithm,Gosset Kliuchnikov Mosca Russo 2014 (QIC 14(15&16):1261-1276; arXiv:1308.4134),proven_optimal,proven minimal: no circuit with 6 or fewer T gates; lower bound: T-count algorithm (Gosset et al. 2014 Sec. 5)
3qubit/toffoli,3,Amy et al. 2013 Fig. 7a,t_count,7,meet-in-the-middle search,Amy Maslov Mosca Roetteler 2013 (IEEE TCAD 32(6):818-830; arXiv:1206.0758),proven_optimal,lower bound: T-count algorithm (Gosset et al. 2014 Sec. 5)
3qubit/toffoli,3,Amy et al. 2013 Fig. 13,t_count,7,meet-in-the-middle search,Amy Maslov Mosca Roetteler 2013 (IEEE TCAD 32(6):818-830; arXiv:1206.0758),proven_optimal,T-depth 3 conjectured minimal by the authors; lower bound: T-count algorithm (Gosset et al. 2014 Sec. 5)
3qubit/toffoli,3,derived: Clifford equivalence to Toffoli,t_depth,3,Amy et al. Fig. 13 Toffoli + Clifford gates,Amy Maslov Mosca Roetteler 2013 (IEEE TCAD 32(6):818-830; arXiv:1206.0758),proven_optimal,"= ccx(0,1,2) (equal), Clifford-equivalent to Toffoli; lower bound: T-depth >= ceil(T-count 7 / 3 qubits)"
3qubit/toffoli,3,synthetiq data/baselines/gheorgiu/comparison/ccx.txt,t_depth,3,Gheorghiu-Mosca-Mukhopadhyay,Gheorghiu Mosca Mukhopadhyay 2022 (npj Quantum Inf. 8:110; arXiv:2101.03142),proven_optimal,lower bound: T-depth >= ceil(T-count 7 / 3 qubits)
3qubit/toffoli,3,synthetiq data/circuits/64/ccx_tdepth.qasm,t_depth,3,Synthetiq,Paradis Dekoninck Bichsel Vechev 2024 (OOPSLA; Synthetiq),proven_optimal,T-depth-optimized run; circuit checked against the target (qubit-reversed); lower bound: T-depth >= ceil(T-count 7 / 3 qubits)
3qubit/toffoli,3,Amy et al. 2013 Fig. 13,t_depth,3,meet-in-the-middle search,Amy Maslov Mosca Roetteler 2013 (IEEE TCAD 32(6):818-830; arXiv:1206.0758),proven_optimal,T-depth 3 conjectured minimal by the authors; lower bound: T-depth >= ceil(T-count 7 / 3 qubits)
3qubit/toffoli,3,Amy et al. 2013 Fig. 7a,t_depth,4,meet-in-the-middle search,Amy Maslov Mosca Roetteler 2013 (IEEE TCAD 32(6):818-830; arXiv:1206.0758),reported,
3qubit/toffoli,3,synthetiq data/circuits/64/ccx_tcount.qasm,gate_count,22,Synthetiq,Paradis Dekoninck Bichsel Vechev 2024 (OOPSLA; Synthetiq),best_known,T-count-optimized run; circuit checked against the target (qubit-reversed)
3qubit/toffoli,3,Amy et al. 2013 Fig. 7a,depth,8,meet-in-the-middle search,Amy Maslov Mosca Roetteler 2013 (IEEE TCAD 32(6):818-830; arXiv:1206.0758),proven_optimal,"total-depth optimal (exhaustive search, Sec. 6.1); lower bound: meet-in-the-middle search (Amy et al. 2013 Fig. 7a)"
3qubit/toffoli,3,Amy et al. 2013 Fig. 13,depth,9,meet-in-the-middle search,Amy Maslov Mosca Roetteler 2013 (IEEE TCAD 32(6):818-830; arXiv:1206.0758),reported,T-depth 3 conjectured minimal by the authors
3qubit/toffoli,3,synthetiq data/circuits/64/ccx_tcount.qasm,depth,15,Synthetiq,Paradis Dekoninck Bichsel Vechev 2024 (OOPSLA; Synthetiq),reported,T-count-optimized run; circuit checked against the target (qubit-reversed)
3qubit/toffoli,3,synthetiq data/circuits/64/table6.csv,time_s,0.11,Synthetiq,Paradis Dekoninck Bichsel Vechev 2024 (OOPSLA; Synthetiq),reported,t_count run: mean time to an optimal circuit
3qubit/toffoli,3,Rietsch et al. 2024 Table II,time_s,0.238,Synthetiq,Rietsch et al. 2024 (IEEE QCE 2024; arXiv:2404.14865v4),reported,Table II row 'Toffoli'; 800 s limit on 48 cores
3qubit/toffoli,3,synthetiq data/circuits/64/table6.csv,time_s,0.28,Synthetiq,Paradis Dekoninck Bichsel Vechev 2024 (OOPSLA; Synthetiq),reported,t_depth run: mean time to an optimal circuit
3qubit/toffoli,3,Rietsch et al. 2024 Table II,time_s,4.99,MIN-T-SYNTH,Rietsch et al. 2024 (IEEE QCE 2024; arXiv:2404.14865v4),reported,Table II row 'Toffoli'
3qubit/toffoli,3,Mosca & Mukhopadhyay 2021 Table 1,time_s,5.75,MIN-T-SYNTH,Mosca & Mukhopadhyay 2021 (Quantum Sci. Technol. 7(1); doi:10.1088/2058-9565/ac2d3a; arXiv:2006.12440),reported,
3qubit/toffoli,3,synthetiq data/baselines/mosca/comparison/ccx.txt,time_s,11.820674,Mosca-Mukhopadhyay,Mosca & Mukhopadhyay 2021 (Quantum Sci. Technol. 7(1); doi:10.1088/2058-9565/ac2d3a; arXiv:2006.12440),reported,t_count search
3qubit/toffoli,3,Rietsch et al. 2024 Table II,time_s,25.92,Gumbel AlphaZero,Rietsch et al. 2024 (IEEE QCE 2024; arXiv:2404.14865v4),reported,Table II row 'Toffoli'
3qubit/toffoli,3,synthetiq data/baselines/gheorgiu/comparison/ccx.txt,time_s,125.745,Gheorghiu-Mosca-Mukhopadhyay,Gheorghiu Mosca Mukhopadhyay 2022 (npj Quantum Inf. 8:110; arXiv:2101.03142),reported,t_depth search
3qubit/toffoli,3,Rietsch et al. 2024 Table II,time_s,10800,QCOpt,Rietsch et al. 2024 (IEEE QCE 2024; arXiv:2404.14865v4),reported,Table II row 'Toffoli'; 3 h limit; time limit reached
3qubit/toffoli_neg1,3,derived: Clifford equivalence to Toffoli,t_count,7,Gosset et al. lower bound + Toffoli circuit,Gosset Kliuchnikov Mosca Russo 2014 (QIC 14(15&16):1261-1276; arXiv:1308.4134),proven_optimal,"= x(0) ccx(0,1,2) x(0) (equal), Clifford-equivalent to Toffoli; lower bound: Gosset et al. lower bound + Toffoli circuit (derived: Clifford equivalence to Toffoli)"
3qubit/toffoli_neg1,3,Rietsch et al. 2024 Table II,t_count,7,Gumbel AlphaZero,Rietsch et al. 2024 (IEEE QCE 2024; arXiv:2404.14865v4),proven_optimal,Table II row 'Single Negated Toffoli'; lower bound: Gosset et al. lower bound + Toffoli circuit (derived: Clifford equivalence to Toffoli)
3qubit/toffoli_neg1,3,Rietsch et al. 2024 Table II,t_count,7,MIN-T-SYNTH,Rietsch et al. 2024 (IEEE QCE 2024; arXiv:2404.14865v4),proven_optimal,Table II row 'Single Negated Toffoli'; lower bound: Gosset et al. lower bound + Toffoli circuit (derived: Clifford equivalence to Toffoli)
3qubit/toffoli_neg1,3,Mosca & Mukhopadhyay 2021 Table 1,t_count,7,MIN-T-SYNTH,Mosca & Mukhopadhyay 2021 (Quantum Sci. Technol. 7(1); doi:10.1088/2058-9565/ac2d3a; arXiv:2006.12440),proven_optimal,Table 1 row 'Negated Toffoli'; lower bound: Gosset et al. lower bound + Toffoli circuit (derived: Clifford equivalence to Toffoli)
3qubit/toffoli_neg1,3,Rietsch et al. 2024 Table II,t_count,7,Synthetiq,Rietsch et al. 2024 (IEEE QCE 2024; arXiv:2404.14865v4),proven_optimal,Table II row 'Single Negated Toffoli'; 800 s limit on 48 cores; lower bound: Gosset et al. lower bound + Toffoli circuit (derived: Clifford equivalence to Toffoli)
3qubit/toffoli_neg1,3,Amy et al. 2013 Fig. 7b,t_count,7,meet-in-the-middle search,Amy Maslov Mosca Roetteler 2013 (IEEE TCAD 32(6):818-830; arXiv:1206.0758),proven_optimal,lower bound: Gosset et al. lower bound + Toffoli circuit (derived: Clifford equivalence to Toffoli)
3qubit/toffoli_neg1,3,Rietsch et al. 2024 Table II,t_count,,QCOpt,Rietsch et al. 2024 (IEEE QCE 2024; arXiv:2404.14865v4),reported,Table II row 'Single Negated Toffoli'; 3 h limit; failed: time limit or no convergence
3qubit/toffoli_neg1,3,derived: Clifford equivalence to Toffoli,t_depth,3,Amy et al. Fig. 13 Toffoli + Clifford gates,Amy Maslov Mosca Roetteler 2013 (IEEE TCAD 32(6):818-830; arXiv:1206.0758),proven_optimal,"= x(0) ccx(0,1,2) x(0) (equal), Clifford-equivalent to Toffoli; lower bound: T-depth >= ceil(T-count 7 / 3 qubits)"
3qubit/toffoli_neg1,3,Amy et al. 2013 Fig. 7b,t_depth,4,meet-in-the-middle search,Amy Maslov Mosca Roetteler 2013 (IEEE TCAD 32(6):818-830; arXiv:1206.0758),reported,
3qubit/toffoli_neg1,3,Amy et al. 2013 Fig. 7b,depth,8,meet-in-the-middle search,Amy Maslov Mosca Roetteler 2013 (IEEE TCAD 32(6):818-830; arXiv:1206.0758),proven_optimal,"total-depth optimal (exhaustive search, Sec. 6.1); lower bound: meet-in-the-middle search (Amy et al. 2013 Fig. 7b)"
3qubit/toffoli_neg1,3,Rietsch et al. 2024 Table II,time_s,0.315,Synthetiq,Rietsch et al. 2024 (IEEE QCE 2024; arXiv:2404.14865v4),reported,Table II row 'Single Negated Toffoli'; 800 s limit on 48 cores
3qubit/toffoli_neg1,3,Rietsch et al. 2024 Table II,time_s,5.7,MIN-T-SYNTH,Rietsch et al. 2024 (IEEE QCE 2024; arXiv:2404.14865v4),reported,Table II row 'Single Negated Toffoli'
3qubit/toffoli_neg1,3,Mosca & Mukhopadhyay 2021 Table 1,time_s,5.75,MIN-T-SYNTH,Mosca & Mukhopadhyay 2021 (Quantum Sci. Technol. 7(1); doi:10.1088/2058-9565/ac2d3a; arXiv:2006.12440),reported,Table 1 row 'Negated Toffoli'
3qubit/toffoli_neg1,3,Rietsch et al. 2024 Table II,time_s,16.83,Gumbel AlphaZero,Rietsch et al. 2024 (IEEE QCE 2024; arXiv:2404.14865v4),reported,Table II row 'Single Negated Toffoli'
3qubit/toffoli_neg2,3,derived: Clifford equivalence to Toffoli,t_count,7,Gosset et al. lower bound + Toffoli circuit,Gosset Kliuchnikov Mosca Russo 2014 (QIC 14(15&16):1261-1276; arXiv:1308.4134),proven_optimal,"= x(0) x(1) ccx(0,1,2) x(0) x(1) (equal), Clifford-equivalent to Toffoli; lower bound: Gosset et al. lower bound + Toffoli circuit (derived: Clifford equivalence to Toffoli)"
3qubit/toffoli_neg2,3,Rietsch et al. 2024 Table II,t_count,7,Gumbel AlphaZero,Rietsch et al. 2024 (IEEE QCE 2024; arXiv:2404.14865v4),proven_optimal,Table II row 'Double Negated Toffoli'; source gives no definition; target assumes both controls negated; lower bound: Gosset et al. lower bound + Toffoli circuit (derived: Clifford equivalence to Toffoli)
3qubit/toffoli_neg2,3,Rietsch et al. 2024 Table II,t_count,7,MIN-T-SYNTH,Rietsch et al. 2024 (IEEE QCE 2024; arXiv:2404.14865v4),proven_optimal,Table II row 'Double Negated Toffoli'; source gives no definition; target assumes both controls negated; lower bound: Gosset et al. lower bound + Toffoli circuit (derived: Clifford equivalence to Toffoli)
3qubit/toffoli_neg2,3,Rietsch et al. 2024 Table II,t_count,7,Synthetiq,Rietsch et al. 2024 (IEEE QCE 2024; arXiv:2404.14865v4),proven_optimal,Table II row 'Double Negated Toffoli'; source gives no definition; target assumes both controls negated; 800 s limit on 48 cores; lower bound: Gosset et al. lower bound + Toffoli circuit (derived: Clifford equivalence to Toffoli)
3qubit/toffoli_neg2,3,Rietsch et al. 2024 Table II,t_count,,QCOpt,Rietsch et al. 2024 (IEEE QCE 2024; arXiv:2404.14865v4),reported,Table II row 'Double Negated Toffoli'; source gives no definition; target assumes both controls negated; 3 h limit; failed: time limit or no convergence
3qubit/toffoli_neg2,3,derived: Clifford equivalence to Toffoli,t_depth,3,Amy et al. Fig. 13 Toffoli + Clifford gates,Amy Maslov Mosca Roetteler 2013 (IEEE TCAD 32(6):818-830; arXiv:1206.0758),proven_optimal,"= x(0) x(1) ccx(0,1,2) x(0) x(1) (equal), Clifford-equivalent to Toffoli; lower bound: T-depth >= ceil(T-count 7 / 3 qubits)"
3qubit/toffoli_neg2,3,Rietsch et al. 2024 Table II,time_s,0.252,Synthetiq,Rietsch et al. 2024 (IEEE QCE 2024; arXiv:2404.14865v4),reported,Table II row 'Double Negated Toffoli'; source gives no definition; target assumes both controls negated; 800 s limit on 48 cores
3qubit/toffoli_neg2,3,Rietsch et al. 2024 Table II,time_s,3.39,MIN-T-SYNTH,Rietsch et al. 2024 (IEEE QCE 2024; arXiv:2404.14865v4),reported,Table II row 'Double Negated Toffoli'; source gives no definition; target assumes both controls negated
3qubit/toffoli_neg2,3,Rietsch et al. 2024 Table II,time_s,16.78,Gumbel AlphaZero,Rietsch et al. 2024 (IEEE QCE 2024; arXiv:2404.14865v4),reported,Table II row 'Double Negated Toffoli'; source gives no definition; target assumes both controls negated
3qubit/tr,3,derived: Clifford equivalence to Toffoli,t_count,7,Gosset et al. lower bound + Toffoli circuit,Gosset Kliuchnikov Mosca Russo 2014 (QIC 14(15&16):1261-1276; arXiv:1308.4134),proven_optimal,"= x(1) ccx(0,1,2) cx(0,1) x(1) (equal), Clifford-equivalent to Toffoli; lower bound: Gosset et al. lower bound + Toffoli circuit (derived: Clifford equivalence to Toffoli)"
3qubit/tr,3,Rietsch et al. 2024 Table II,t_count,7,Gumbel AlphaZero,Rietsch et al. 2024 (IEEE QCE 2024; arXiv:2404.14865v4),proven_optimal,Table II row 'TR'; source gives no definition; target is the Thapliyal-Ranganathan gate (same name and T-count); lower bound: Gosset et al. lower bound + Toffoli circuit (derived: Clifford equivalence to Toffoli)
3qubit/tr,3,Rietsch et al. 2024 Table II,t_count,7,MIN-T-SYNTH,Rietsch et al. 2024 (IEEE QCE 2024; arXiv:2404.14865v4),proven_optimal,Table II row 'TR'; source gives no definition; target is the Thapliyal-Ranganathan gate (same name and T-count); lower bound: Gosset et al. lower bound + Toffoli circuit (derived: Clifford equivalence to Toffoli)
3qubit/tr,3,Rietsch et al. 2024 Table II,t_count,7,Synthetiq,Rietsch et al. 2024 (IEEE QCE 2024; arXiv:2404.14865v4),proven_optimal,Table II row 'TR'; source gives no definition; target is the Thapliyal-Ranganathan gate (same name and T-count); 800 s limit on 48 cores; lower bound: Gosset et al. lower bound + Toffoli circuit (derived: Clifford equivalence to Toffoli)
3qubit/tr,3,Rietsch et al. 2024 Table II,t_count,,QCOpt,Rietsch et al. 2024 (IEEE QCE 2024; arXiv:2404.14865v4),reported,Table II row 'TR'; source gives no definition; target is the Thapliyal-Ranganathan gate (same name and T-count); 3 h limit; failed: time limit or no convergence
3qubit/tr,3,derived: Clifford equivalence to Toffoli,t_depth,3,Amy et al. Fig. 13 Toffoli + Clifford gates,Amy Maslov Mosca Roetteler 2013 (IEEE TCAD 32(6):818-830; arXiv:1206.0758),proven_optimal,"= x(1) ccx(0,1,2) cx(0,1) x(1) (equal), Clifford-equivalent to Toffoli; lower bound: T-depth >= ceil(T-count 7 / 3 qubits)"
3qubit/tr,3,Rietsch et al. 2024 Table II,time_s,0.342,Synthetiq,Rietsch et al. 2024 (IEEE QCE 2024; arXiv:2404.14865v4),reported,Table II row 'TR'; source gives no definition; target is the Thapliyal-Ranganathan gate (same name and T-count); 800 s limit on 48 cores
3qubit/tr,3,Rietsch et al. 2024 Table II,time_s,3.47,MIN-T-SYNTH,Rietsch et al. 2024 (IEEE QCE 2024; arXiv:2404.14865v4),reported,Table II row 'TR'; source gives no definition; target is the Thapliyal-Ranganathan gate (same name and T-count)
3qubit/tr,3,Rietsch et al. 2024 Table II,time_s,16.19,Gumbel AlphaZero,Rietsch et al. 2024 (IEEE QCE 2024; arXiv:2404.14865v4),reported,Table II row 'TR'; source gives no definition; target is the Thapliyal-Ranganathan gate (same name and T-count)
3qubit/uma,3,derived: Clifford equivalence to Toffoli,t_count,7,Gosset et al. lower bound + Toffoli circuit,Gosset Kliuchnikov Mosca Russo 2014 (QIC 14(15&16):1261-1276; arXiv:1308.4134),proven_optimal,"= ccx(0,1,2) cx(2,0) cx(0,1) (equal), Clifford-equivalent to Toffoli; lower bound: Gosset et al. lower bound + Toffoli circuit (derived: Clifford equivalence to Toffoli)"
3qubit/uma,3,derived: Clifford equivalence to Toffoli,t_depth,3,Amy et al. Fig. 13 Toffoli + Clifford gates,Amy Maslov Mosca Roetteler 2013 (IEEE TCAD 32(6):818-830; arXiv:1206.0758),proven_optimal,"= ccx(0,1,2) cx(2,0) cx(0,1) (equal), Clifford-equivalent to Toffoli; lower bound: T-depth >= ceil(T-count 7 / 3 qubits)"
3qubit_perms/0,3,synthetiq notebooks/post_processing/64.ipynb,t_count,0,Synthetiq,Paradis Dekoninck Bichsel Vechev 2024 (OOPSLA; Synthetiq),proven_optimal,permutation group 0; lower bound: trivial (Clifford check (qiskit Clifford.from_matrix))
3qubit_perms/0,3,Clifford check (qiskit Clifford.from_matrix),t_count,0,trivial,,proven_optimal,Clifford operator; lower bound: trivial (Clifford check (qiskit Clifford.from_matrix))
3qubit_perms/0,3,synthetiq data/baselines/mosca/permutations/0.txt,t_count,4,Mosca-Mukhopadhyay,Mosca & Mukhopadhyay 2021 (Quantum Sci. Technol. 7(1); doi:10.1088/2058-9565/ac2d3a; arXiv:2006.12440),reported,"identity: the search starts at T-count 2, so it returns a T-count-4 Clifford circuit"
3qubit_perms/0,3,synthetiq notebooks/post_processing/64.ipynb,t_depth,0,Synthetiq,Paradis Dekoninck Bichsel Vechev 2024 (OOPSLA; Synthetiq),proven_optimal,permutation group 0; lower bound: trivial (Clifford check (qiskit Clifford.from_matrix))
3qubit_perms/0,3,Clifford check (qiskit Clifford.from_matrix),t_depth,0,trivial,,proven_optimal,Clifford operator; lower bound: trivial (Clifford check (qiskit Clifford.from_matrix))
3qubit_perms/0,3,synthetiq data/baselines/mosca/permutations/0.txt,time_s,1365.078633069992,Mosca-Mukhopadhyay,Mosca & Mukhopadhyay 2021 (Quantum Sci. Technol. 7(1); doi:10.1088/2058-9565/ac2d3a; arXiv:2006.12440),reported,t_count search
3qubit_perms/1,3,derived: Clifford equivalence to Toffoli,t_count,7,Gosset et al. lower bound + Toffoli circuit,Gosset Kliuchnikov Mosca Russo 2014 (QIC 14(15&16):1261-1276; arXiv:1308.4134),proven_optimal,"= ccx(0,1,2) (equal), Clifford-equivalent to Toffoli; lower bound: Gosset et al. lower bound + Toffoli circuit (derived: Clifford equivalence to Toffoli)"
3qubit_perms/1,3,synthetiq data/baselines/mosca/permutations/1.txt,t_count,7,Mosca-Mukhopadhyay,Mosca & Mukhopadhyay 2021 (Quantum Sci. Technol. 7(1); doi:10.1088/2058-9565/ac2d3a; arXiv:2006.12440),proven_optimal,lower bound: Gosset et al. lower bound + Toffoli circuit (derived: Clifford equivalence to Toffoli)
3qubit_perms/1,3,synthetiq notebooks/post_processing/64.ipynb,t_count,7,Synthetiq,Paradis Dekoninck Bichsel Vechev 2024 (OOPSLA; Synthetiq),proven_optimal,permutation group 1; lower bound: Gosset et al. lower bound + Toffoli circuit (derived: Clifford equivalence to Toffoli)
3qubit_perms/1,3,derived: Clifford equivalence to Toffoli,t_depth,3,Amy et al. Fig. 13 Toffoli + Clifford gates,Amy Maslov Mosca Roetteler 2013 (IEEE TCAD 32(6):818-830; arXiv:1206.0758),proven_optimal,"= ccx(0,1,2) (equal), Clifford-equivalent to Toffoli; lower bound: T-depth >= ceil(T-count 7 / 3 qubits)"
3qubit_perms/1,3,synthetiq data/baselines/gheorgiu/permutations.txt,t_depth,3,Gheorghiu-Mosca-Mukhopadhyay,Gheorghiu Mosca Mukhopadhyay 2022 (npj Quantum Inf. 8:110; arXiv:2101.03142),proven_optimal,lower bound: T-depth >= ceil(T-count 7 / 3 qubits)
3qubit_perms/1,3,synthetiq notebooks/post_processing/64.ipynb,t_depth,3,Synthetiq,Paradis Dekoninck Bichsel Vechev 2024 (OOPSLA; Synthetiq),proven_optimal,permutation group 1; lower bound: T-depth >= ceil(T-count 7 / 3 qubits)
3qubit_perms/1,3,synthetiq data/baselines/mosca/permutations/1.txt,time_s,11.14803171157837,Mosca-Mukhopadhyay,Mosca & Mukhopadhyay 2021 (Quantum Sci. Technol. 7(1); doi:10.1088/2058-9565/ac2d3a; arXiv:2006.12440),reported,t_count search
3qubit_perms/1,3,synthetiq data/baselines/gheorgiu/permutations.txt,time_s,155.553,Gheorghiu-Mosca-Mukhopadhyay,Gheorghiu Mosca Mukhopadhyay 2022 (npj Quantum Inf. 8:110; arXiv:2101.03142),reported,t_depth search
3qubit_perms/10,3,synthetiq notebooks/post_processing/64.ipynb,t_count,15,Synthetiq,Paradis Dekoninck Bichsel Vechev 2024 (OOPSLA; Synthetiq),best_known,permutation group 3
3qubit_perms/10,3,synthetiq data/baselines/mosca/permutations/10.txt,t_count,,Mosca-Mukhopadhyay,Mosca & Mukhopadhyay 2021 (Quantum Sci. Technol. 7(1); doi:10.1088/2058-9565/ac2d3a; arXiv:2006.12440),reported,no circuit found
3qubit_perms/10,3,synthetiq notebooks/post_processing/64.ipynb,t_depth,7,Synthetiq,Paradis Dekoninck Bichsel Vechev 2024 (OOPSLA; Synthetiq),best_known,permutation group 3
3qubit_perms/10,3,synthetiq data/baselines/gheorgiu/permutations.txt,t_depth,,Gheorghiu-Mosca-Mukhopadhyay,Gheorghiu Mosca Mukhopadhyay 2022 (npj Quantum Inf. 8:110; arXiv:2101.03142),reported,no circuit found
3qubit_perms/10,3,synthetiq data/baselines/gheorgiu/permutations.txt,time_s,473.924,Gheorghiu-Mosca-Mukhopadhyay,Gheorghiu Mosca Mukhopadhyay 2022 (npj Quantum Inf. 8:110; arXiv:2101.03142),reported,t_depth search; no circuit found
3qubit_perms/11,3,synthetiq data/baselines/mosca/permutations/11.txt,t_count,8,Mosca-Mukhopadhyay,Mosca & Mukhopadhyay 2021 (Quantum Sci. Technol. 7(1); doi:10.1088/2058-9565/ac2d3a; arXiv:2006.12440),best_known,
3qubit_perms/11,3,synthetiq notebooks/post_processing/64.ipynb,t_count,8,Synthetiq,Paradis Dekoninck Bichsel Vechev 2024 (OOPSLA; Synthetiq),best_known,permutation group 2
3qubit_perms/11,3,synthetiq notebooks/post_processing/64.ipynb,t_depth,3,Synthetiq,Paradis Dekoninck Bichsel Vechev 2024 (OOPSLA; Synthetiq),best_known,permutation group 2
3qubit_perms/11,3,synthetiq data/baselines/gheorgiu/permutations.txt,t_depth,9,Gheorghiu-Mosca-Mukhopadhyay,Gheorghiu Mosca Mukhopadhyay 2022 (npj Quantum Inf. 8:110; arXiv:2101.03142),reported,exceeds the best T-count 8
3qubit_perms/11,3,synthetiq data/baselines/mosca/permutations/11.txt,time_s,20.143776178359985,Mosca-Mukhopadhyay,Mosca & Mukhopadhyay 2021 (Quantum Sci. Technol. 7(1); doi:10.1088/2058-9565/ac2d3a; arXiv:2006.12440),reported,t_count search
3qubit_perms/11,3,synthetiq data/baselines/gheorgiu/permutations.txt,time_s,722.268,Gheorghiu-Mosca-Mukhopadhyay,Gheorghiu Mosca Mukhopadhyay 2022 (npj Quantum Inf. 8:110; arXiv:2101.03142),reported,t_depth search
3qubit_perms/12,3,synthetiq data/baselines/mosca/permutations/12.txt,t_count,8,Mosca-Mukhopadhyay,Mosca & Mukhopadhyay 2021 (Quantum Sci. Technol. 7(1); doi:10.1088/2058-9565/ac2d3a; arXiv:2006.12440),best_known,
3qubit_perms/12,3,synthetiq notebooks/post_processing/64.ipynb,t_count,8,Synthetiq,Paradis Dekoninck Bichsel Vechev 2024 (OOPSLA; Synthetiq),best_known,permutation group 2
3qubit_perms/12,3,synthetiq notebooks/post_processing/64.ipynb,t_depth,3,Synthetiq,Paradis Dekoninck Bichsel Vechev 2024 (OOPSLA; Synthetiq),best_known,permutation group 2
3qubit_perms/12,3,synthetiq data/baselines/gheorgiu/permutations.txt,t_depth,4,Gheorghiu-Mosca-Mukhopadhyay,Gheorghiu Mosca Mukhopadhyay 2022 (npj Quantum Inf. 8:110; arXiv:2101.03142),reported,
3qubit_perms/12,3,synthetiq data/baselines/mosca/permutations/12.txt,time_s,19.415653467178345,Mosca-Mukhopadhyay,Mosca & Mukhopadhyay 2021 (Quantum Sci. Technol. 7(1); doi:10.1088/2058-9565/ac2d3a; arXiv:2006.12440),reported,t_count search
3qubit_perms/12,3,synthetiq data/baselines/gheorgiu/permutations.txt,time_s,36.874,Gheorghiu-Mosca-Mukhopadhyay,Gheorghiu Mosca Mukhopadhyay 2022 (npj Quantum Inf. 8:110; arXiv:2101.03142),reported,t_depth search
3qubit_perms/13,3,synthetiq data/baselines/mosca/permutations/13.txt,t_count,7,Mosca-Mukhopadhyay,Mosca & Mukhopadhyay 2021 (Quantum Sci. Technol. 7(1); doi:10.1088/2058-9565/ac2d3a; arXiv:2006.12440),best_known,
3qubit_perms/13,3,synthetiq notebooks/post_processing/64.ipynb,t_count,7,Synthetiq,Paradis Dekoninck Bichsel Vechev 2024 (OOPSLA; Synthetiq),best_known,permutation group 1
3qubit_perms/13,3,synthetiq notebooks/post_processing/64.ipynb,t_depth,3,Synthetiq,Paradis Dekoninck Bichsel Vechev 2024 (OOPSLA; Synthetiq),best_known,permutation group 1
3qubit_perms/13,3,synthetiq data/baselines/gheorgiu/permutations.txt,t_depth,8,Gheorghiu-Mosca-Mukhopadhyay,Gheorghiu Mosca Mukhopadhyay 2022 (npj Quantum Inf. 8:110; arXiv:2101.03142),reported,exceeds the best T-count 7
3qubit_perms/13,3,synthetiq data/baselines/mosca/permutations/13.txt,time_s,10.648346662521362,Mosca-Mukhopadhyay,Mosca & Mukhopadhyay 2021 (Quantum Sci. Technol. 7(1); doi:10.1088/2058-9565/ac2d3a; arXiv:2006.12440),reported,t_count search
3qubit_perms/13,3,synthetiq data/baselines/gheorgiu/permutations.txt,time_s,295.576,Gheorghiu-Mosca-Mukhopadhyay,Gheorghiu Mosca Mukhopadhyay 2022 (npj Quantum Inf. 8:110; arXiv:2101.03142),reported,t_depth search
3qubit_perms/14,3,synthetiq notebooks/post_processing/64.ipynb,t_count,15,Synthetiq,Paradis Dekoninck Bichsel Vechev 2024 (OOPSLA; Synthetiq),best_known,permutation group 3
3qubit_perms/14,3,synthetiq data/baselines/mosca/permutations/14.txt,t_count,,Mosca-Mukhopadhyay,Mosca & Mukhopadhyay 2021 (Quantum Sci. Technol. 7(1); doi:10.1088/2058-9565/ac2d3a; arXiv:2006.12440),reported,no circuit found
3qubit_perms/14,3,synthetiq notebooks/post_processing/64.ipynb,t_depth,7,Synthetiq,Paradis Dekoninck Bichsel Vechev 2024 (OOPSLA; Synthetiq),best_known,permutation group 3
3qubit_perms/14,3,synthetiq data/baselines/gheorgiu/permutations.txt,t_depth,,Gheorghiu-Mosca-Mukhopadhyay,Gheorghiu Mosca Mukhopadhyay 2022 (npj Quantum Inf. 8:110; arXiv:2101.03142),reported,no circuit found
3qubit_perms/14,3,synthetiq data/baselines/gheorgiu/permutations.txt,time_s,571.07,Gheorghiu-Mosca-Mukhopadhyay,Gheorghiu Mosca Mukhopadhyay 2022 (npj Quantum Inf. 8:110; arXiv:2101.03142),reported,t_depth search; no circuit found
3qubit_perms/15,3,synthetiq data/baselines/mosca/permutations/15.txt,t_count,8,Mosca-Mukhopadhyay,Mosca & Mukhopadhyay 2021 (Quantum Sci. Technol. 7(1); doi:10.1088/2058-9565/ac2d3a; arXiv:2006.12440),best_known,
3qubit_perms/15,3,synthetiq notebooks/post_processing/64.ipynb,t_count,8,Synthetiq,Paradis Dekoninck Bichsel Vechev 2024 (OOPSLA; Synthetiq),best_known,permutation group 2
3qubit_perms/15,3,synthetiq notebooks/post_processing/64.ipynb,t_depth,3,Synthetiq,Paradis Dekoninck Bichsel Vechev 2024 (OOPSLA; Synthetiq),best_known,permutation group 2
3qubit_perms/15,3,synthetiq data/baselines/gheorgiu/permutations.txt,t_depth,9,Gheorghiu-Mosca-Mukhopadhyay,Gheorghiu Mosca Mukhopadhyay 2022 (npj Quantum Inf. 8:110; arXiv:2101.03142),reported,exceeds the best T-count 8
3qubit_perms/15,3,synthetiq data/baselines/mosca/permutations/15.txt,time_s,18.864565134048462,Mosca-Mukhopadhyay,Mosca & Mukhopadhyay 2021 (Quantum Sci. Technol. 7(1); doi:10.1088/2058-9565/ac2d3a; arXiv:2006.12440),reported,t_count search
3qubit_perms/15,3,synthetiq data/baselines/gheorgiu/permutations.txt,time_s,416.236,Gheorghiu-Mosca-Mukhopadhyay,Gheorghiu Mosca Mukhopadhyay 2022 (npj Quantum Inf. 8:110; arXiv:2101.03142),reported,t_depth search
3qubit_perms/16,3,synthetiq notebooks/post_processing/64.ipynb,t_count,8,Synthetiq,Paradis Dekoninck Bichsel Vechev 2024 (OOPSLA; Synthetiq),best_known,permutation group 2
3qubit_perms/16,3,synthetiq data/baselines/mosca/permutations/16.txt,t_count,14,Mosca-Mukhopadhyay,Mosca & Mukhopadhyay 2021 (Quantum Sci. Technol. 7(1); doi:10.1088/2058-9565/ac2d3a; arXiv:2006.12440),reported,
3qubit_perms/16,3,synthetiq notebooks/post_processing/64.ipynb,t_depth,3,Synthetiq,Paradis Dekoninck Bichsel Vechev 2024 (OOPSLA; Synthetiq),best_known,permutation group 2
3qubit_perms/16,3,synthetiq data/baselines/gheorgiu/permutations.txt,t_depth,7,Gheorghiu-Mosca-Mukhopadhyay,Gheorghiu Mosca Mukhopadhyay 2022 (npj Quantum Inf. 8:110; arXiv:2101.03142),reported,
3qubit_perms/16,3,synthetiq data/baselines/gheorgiu/permutations.txt,time_s,190.807,Gheorghiu-Mosca-Mukhopadhyay,Gheorghiu Mosca Mukhopadhyay 2022 (npj Quantum Inf. 8:110; arXiv:2101.03142),reported,t_depth search
3qubit_perms/16,3,synthetiq data/baselines/mosca/permutations/16.txt,time_s,584.7144012451172,Mosca-Mukhopadhyay,Mosca & Mukhopadhyay 2021 (Quantum Sci. Technol. 7(1); doi:10.1088/2058-9565/ac2d3a; arXiv:2006.12440),reported,t_count search
3qubit_perms/17,3,synthetiq notebooks/post_processing/64.ipynb,t_count,15,Synthetiq,Paradis Dekoninck Bichsel Vechev 2024 (OOPSLA; Synthetiq),best_known,permutation group 3
3qubit_perms/17,3,synthetiq data/baselines/mosca/permutations/17.txt,t_count,,Mosca-Mukhopadhyay,Mosca & Mukhopadhyay 2021 (Quantum Sci. Technol. 7(1); doi:10.1088/2058-9565/ac2d3a; arXiv:2006.12440),reported,no circuit found
3qubit_perms/17,3,synthetiq notebooks/post_processing/64.ipynb,t_depth,7,Synthetiq,Paradis Dekoninck Bichsel Vechev 2024 (OOPSLA; Synthetiq),best_known,permutation group 3
3qubit_perms/17,3,synthetiq data/baselines/gheorgiu/permutations.txt,t_depth,,Gheorghiu-Mosca-Mukhopadhyay,Gheorghiu Mosca Mukhopadhyay 2022 (npj Quantum Inf. 8:110; arXiv:2101.03142),reported,no circuit found
3qubit_perms/17,3,synthetiq data/baselines/gheorgiu/permutations.txt,time_s,866.304,Gheorghiu-Mosca-Mukhopadhyay,Gheorghiu Mosca Mukhopadhyay 2022 (npj Quantum Inf. 8:110; arXiv:2101.03142),reported,t_depth search; no circuit found
3qubit_perms/18,3,synthetiq notebooks/post_processing/64.ipynb,t_count,15,Synthetiq,Paradis Dekoninck Bichsel Vechev 2024 (OOPSLA; Synthetiq),best_known,permutation group 3
3qubit_perms/18,3,synthetiq data/baselines/mosca/permutations/18.txt,t_count,,Mosca-Mukhopadhyay,Mosca & Mukhopadhyay 2021 (Quantum Sci. Technol. 7(1); doi:10.1088/2058-9565/ac2d3a; arXiv:2006.12440),reported,no circuit found
3qubit_perms/18,3,synthetiq notebooks/post_processing/64.ipynb,t_depth,7,Synthetiq,Paradis Dekoninck Bichsel Vechev 2024 (OOPSLA; Synthetiq),best_known,permutation group 3
3qubit_perms/18,3,synthetiq data/baselines/gheorgiu/permutations.txt,t_depth,,Gheorghiu-Mosca-Mukhopadhyay,Gheorghiu Mosca Mukhopadhyay 2022 (npj Quantum Inf. 8:110; arXiv:2101.03142),reported,no circuit found
3qubit_perms/18,3,synthetiq data/baselines/gheorgiu/permutations.txt,time_s,1829.967,Gheorghiu-Mosca-Mukhopadhyay,Gheorghiu Mosca Mukhopadhyay 2022 (npj Quantum Inf. 8:110; arXiv:2101.03142),reported,t_depth search; no circuit found
3qubit_perms/19,3,synthetiq notebooks/post_processing/64.ipynb,t_count,8,Synthetiq,Paradis Dekoninck Bichsel Vechev 2024 (OOPSLA; Synthetiq),best_known,permutation group 2
3qubit_perms/19,3,synthetiq data/baselines/mosca/permutations/19.txt,t_count,14,Mosca-Mukhopadhyay,Mosca & Mukhopadhyay 2021 (Quantum Sci. Technol. 7(1); doi:10.1088/2058-9565/ac2d3a; arXiv:2006.12440),reported,
3qubit_perms/19,3,synthetiq notebooks/post_processing/64.ipynb,t_depth,3,Synthetiq,Paradis Dekoninck Bichsel Vechev 2024 (OOPSLA; Synthetiq),best_known,permutation group 2
3qubit_perms/19,3,synthetiq data/baselines/gheorgiu/permutations.txt,t_depth,,Gheorghiu-Mosca-Mukhopadhyay,Gheorghiu Mosca Mukhopadhyay 2022 (npj Quantum Inf. 8:110; arXiv:2101.03142),reported,no circuit found
3qubit_perms/19,3,synthetiq data/baselines/mosca/permutations/19.txt,time_s,586.106684923172,Mosca-Mukhopadhyay,Mosca & Mukhopadhyay 2021 (Quantum Sci. Technol. 7(1); doi:10.1088/2058-9565/ac2d3a; arXiv:2006.12440),reported,t_count search
3qubit_perms/19,3,synthetiq data/baselines/gheorgiu/permutations.txt,time_s,955.146,Gheorghiu-Mosca-Mukhopadhyay,Gheorghiu Mosca Mukhopadhyay 2022 (npj Quantum Inf. 8:110; arXiv:2101.03142),reported,t_depth search; no circuit found
3qubit_perms/2,3,derived: Clifford equivalence to Toffoli,t_count,7,Gosset et al. lower bound + Toffoli circuit,Gosset Kliuchnikov Mosca Russo 2014 (QIC 14(15&16):1261-1276; arXiv:1308.4134),proven_optimal,"= cx(2,1) ccx(0,1,2) cx(2,1) (equal), Clifford-equivalent to Toffoli; lower bound: Gosset et al. lower bound + Toffoli circuit (derived: Clifford equivalence to Toffoli)"
3qubit_perms/2,3,synthetiq data/baselines/mosca/permutations/2.txt,t_count,7,Mosca-Mukhopadhyay,Mosca & Mukhopadhyay 2021 (Quantum Sci. Technol. 7(1); doi:10.1088/2058-9565/ac2d3a; arXiv:2006.12440),proven_optimal,lower bound: Gosset et al. lower bound + Toffoli circuit (derived: Clifford equivalence to Toffoli)
3qubit_perms/2,3,synthetiq notebooks/post_processing/64.ipynb,t_count,7,Synthetiq,Paradis Dekoninck Bichsel Vechev 2024 (OOPSLA; Synthetiq),proven_optimal,permutation group 1; lower bound: Gosset et al. lower bound + Toffoli circuit (derived: Clifford equivalence to Toffoli)
3qubit_perms/2,3,derived: Clifford equivalence to Toffoli,t_depth,3,Amy et al. Fig. 13 Toffoli + Clifford gates,Amy Maslov Mosca Roetteler 2013 (IEEE TCAD 32(6):818-830; arXiv:1206.0758),proven_optimal,"= cx(2,1) ccx(0,1,2) cx(2,1) (equal), Clifford-equivalent to Toffoli; lower bound: T-depth >= ceil(T-count 7 / 3 qubits)"
3qubit_perms/2,3,synthetiq notebooks/post_processing/64.ipynb,t_depth,3,Synthetiq,Paradis Dekoninck Bichsel Vechev 2024 (OOPSLA; Synthetiq),proven_optimal,permutation group 1; lower bound: T-depth >= ceil(T-count 7 / 3 qubits)
3qubit_perms/2,3,synthetiq data/baselines/gheorgiu/permutations.txt,t_depth,5,Gheorghiu-Mosca-Mukhopadhyay,Gheorghiu Mosca Mukhopadhyay 2022 (npj Quantum Inf. 8:110; arXiv:2101.03142),reported,
3qubit_perms/2,3,synthetiq data/baselines/mosca/permutations/2.txt,time_s,11.184950351715088,Mosca-Mukhopadhyay,Mosca & Mukhopadhyay 2021 (Quantum Sci. Technol. 7(1); doi:10.1088/2058-9565/ac2d3a; arXiv:2006.12440),reported,t_count search
3qubit_perms/2,3,synthetiq data/baselines/gheorgiu/permutations.txt,time_s,72.981,Gheorghiu-Mosca-Mukhopadhyay,Gheorghiu Mosca Mukhopadhyay 2022 (npj Quantum Inf. 8:110; arXiv:2101.03142),reported,t_depth search
3qubit_perms/20,3,synthetiq data/baselines/mosca/permutations/20.txt,t_count,8,Mosca-Mukhopadhyay,Mosca & Mukhopadhyay 2021 (Quantum Sci. Technol. 7(1); doi:10.1088/2058-9565/ac2d3a; arXiv:2006.12440),best_known,
3qubit_perms/20,3,synthetiq notebooks/post_processing/64.ipynb,t_count,8,Synthetiq,Paradis Dekoninck Bichsel Vechev 2024 (OOPSLA; Synthetiq),best_known,permutation group 2
3qubit_perms/20,3,synthetiq notebooks/post_processing/64.ipynb,t_depth,3,Synthetiq,Paradis Dekoninck Bichsel Vechev 2024 (OOPSLA; Synthetiq),best_known,permutation group 2
3qubit_perms/20,3,synthetiq data/baselines/gheorgiu/permutations.txt,t_depth,,Gheorghiu-Mosca-Mukhopadhyay,Gheorghiu Mosca Mukhopadhyay 2022 (npj Quantum Inf. 8:110; arXiv:2101.03142),reported,no circuit found
3qubit_perms/20,3,synthetiq data/baselines/mosca/permutations/20.txt,time_s,20.936518669128418,Mosca-Mukhopadhyay,Mosca & Mukhopadhyay 2021 (Quantum Sci. Technol. 7(1); doi:10.1088/2058-9565/ac2d3a; arXiv:2006.12440),reported,t_count search
3qubit_perms/20,3,synthetiq data/baselines/gheorgiu/permutations.txt,time_s,459.824,Gheorghiu-Mosca-Mukhopadhyay,Gheorghiu Mosca Mukhopadhyay 2022 (npj Quantum Inf. 8:110; arXiv:2101.03142),reported,t_depth search; no circuit found
3qubit_perms/21,3,synthetiq notebooks/post_processing/64.ipynb,t_count,15,Synthetiq,Paradis Dekoninck Bichsel Vechev 2024 (OOPSLA; Synthetiq),best_known,permutation group 3
3qubit_perms/21,3,synthetiq data/baselines/mosca/permutations/21.txt,t_count,,Mosca-Mukhopadhyay,Mosca & Mukhopadhyay 2021 (Quantum Sci. Technol. 7(1); doi:10.1088/2058-9565/ac2d3a; arXiv:2006.12440),reported,no circuit found
3qubit_perms/21,3,synthetiq notebooks/post_processing/64.ipynb,t_depth,7,Synthetiq,Paradis Dekoninck Bichsel Vechev 2024 (OOPSLA; Synthetiq),best_known,permutation group 3
3qubit_perms/21,3,synthetiq data/baselines/gheorgiu/permutations.txt,t_depth,,Gheorghiu-Mosca-Mukhopadhyay,Gheorghiu Mosca Mukhopadhyay 2022 (npj Quantum Inf. 8:110; arXiv:2101.03142),reported,no circuit found
3qubit_perms/21,3,synthetiq data/baselines/gheorgiu/permutations.txt,time_s,2422.445,Gheorghiu-Mosca-Mukhopadhyay,Gheorghiu Mosca Mukhopadhyay 2022 (npj Quantum Inf. 8:110; arXiv:2101.03142),reported,t_depth search; no circuit found
3qubit_perms/22,3,synthetiq data/baselines/mosca/permutations/22.txt,t_count,7,Mosca-Mukhopadhyay,Mosca & Mukhopadhyay 2021 (Quantum Sci. Technol. 7(1); doi:10.1088/2058-9565/ac2d3a; arXiv:2006.12440),best_known,
3qubit_perms/22,3,synthetiq notebooks/post_processing/64.ipynb,t_count,7,Synthetiq,Paradis Dekoninck Bichsel Vechev 2024 (OOPSLA; Synthetiq),best_known,permutation group 1
3qubit_perms/22,3,synthetiq notebooks/post_processing/64.ipynb,t_depth,3,Synthetiq,Paradis Dekoninck Bichsel Vechev 2024 (OOPSLA; Synthetiq),best_known,permutation group 1
3qubit_perms/22,3,synthetiq data/baselines/gheorgiu/permutations.txt,t_depth,6,Gheorghiu-Mosca-Mukhopadhyay,Gheorghiu Mosca Mukhopadhyay 2022 (npj Quantum Inf. 8:110; arXiv:2101.03142),reported,
3qubit_perms/22,3,synthetiq data/baselines/mosca/permutations/22.txt,time_s,10.638051271438599,Mosca-Mukhopadhyay,Mosca & Mukhopadhyay 2021 (Quantum Sci. Technol. 7(1); doi:10.1088/2058-9565/ac2d3a; arXiv:2006.12440),reported,t_count search
3qubit_perms/22,3,synthetiq data/baselines/gheorgiu/permutations.txt,time_s,73.414,Gheorghiu-Mosca-Mukhopadhyay,Gheorghiu Mosca Mukhopadhyay 2022 (npj Quantum Inf. 8:110; arXiv:2101.03142),reported,t_depth search
3qubit_perms/23,3,synthetiq data/baselines/mosca/permutations/23.txt,t_count,8,Mosca-Mukhopadhyay,Mosca & Mukhopadhyay 2021 (Quantum Sci. Technol. 7(1); doi:10.1088/2058-9565/ac2d3a; arXiv:2006.12440),best_known,
3qubit_perms/23,3,synthetiq notebooks/post_processing/64.ipynb,t_count,8,Synthetiq,Paradis Dekoninck Bichsel Vechev 2024 (OOPSLA; Synthetiq),best_known,permutation group 2
3qubit_perms/23,3,synthetiq notebooks/post_processing/64.ipynb,t_depth,3,Synthetiq,Paradis Dekoninck Bichsel Vechev 2024 (OOPSLA; Synthetiq),best_known,permutation group 2
3qubit_perms/23,3,synthetiq data/baselines/gheorgiu/permutations.txt,t_depth,,Gheorghiu-Mosca-Mukhopadhyay,Gheorghiu Mosca Mukhopadhyay 2022 (npj Quantum Inf. 8:110; arXiv:2101.03142),reported,no circuit found
3qubit_perms/23,3,synthetiq data/baselines/mosca/permutations/23.txt,time_s,19.11434245109558,Mosca-Mukhopadhyay,Mosca & Mukhopadhyay 2021 (Quantum Sci. Technol. 7(1); doi:10.1088/2058-9565/ac2d3a; arXiv:2006.12440),reported,t_count search
3qubit_perms/23,3,synthetiq data/baselines/gheorgiu/permutations.txt,time_s,943.862,Gheorghiu-Mosca-Mukhopadhyay,Gheorghiu Mosca Mukhopadhyay 2022 (npj Quantum Inf. 8:110; arXiv:2101.03142),reported,t_depth search; no circuit found
3qubit_perms/24,3,synthetiq data/baselines/mosca/permutations/24.txt,t_count,8,Mosca-Mukhopadhyay,Mosca & Mukhopadhyay 2021 (Quantum Sci. Technol. 7(1); doi:10.1088/2058-9565/ac2d3a; arXiv:2006.12440),best_known,
3qubit_perms/24,3,synthetiq notebooks/post_processing/64.ipynb,t_count,8,Synthetiq,Paradis Dekoninck Bichsel Vechev 2024 (OOPSLA; Synthetiq),best_known,permutation group 2
3qubit_perms/24,3,synthetiq notebooks/post_processing/64.ipynb,t_depth,3,Synthetiq,Paradis Dekoninck Bichsel Vechev 2024 (OOPSLA; Synthetiq),best_known,permutation group 2
3qubit_perms/24,3,synthetiq data/baselines/gheorgiu/permutations.txt,t_depth,7,Gheorghiu-Mosca-Mukhopadhyay,Gheorghiu Mosca Mukhopadhyay 2022 (npj Quantum Inf. 8:110; arXiv:2101.03142),reported,
3qubit_perms/24,3,synthetiq data/baselines/mosca/permutations/24.txt,time_s,20.714712142944336,Mosca-Mukhopadhyay,Mosca & Mukhopadhyay 2021 (Quantum Sci. Technol. 7(1); doi:10.1088/2058-9565/ac2d3a; arXiv:2006.12440),reported,t_count search
3qubit_perms/24,3,synthetiq data/baselines/gheorgiu/permutations.txt,time_s,228.926,Gheorghiu-Mosca-Mukhopadhyay,Gheorghiu Mosca Mukhopadhyay 2022 (npj Quantum Inf. 8:110; arXiv:2101.03142),reported,t_depth search
3qubit_perms/25,3,synthetiq notebooks/post_processing/64.ipynb,t_count,15,Synthetiq,Paradis Dekoninck Bichsel Vechev 2024 (OOPSLA; Synthetiq),best_known,permutation group 3
3qubit_perms/25,3,synthetiq data/baselines/mosca/permutations/25.txt,t_count,,Mosca-Mukhopadhyay,Mosca & Mukhopadhyay 2021 (Quantum Sci. Technol. 7(1); doi:10.1088/2058-9565/ac2d3a; arXiv:2006.12440),reported,no circuit found
3qubit_perms/25,3,synthetiq notebooks/post_processing/64.ipynb,t_depth,7,Synthetiq,Paradis Dekoninck Bichsel Vechev 2024 (OOPSLA; Synthetiq),best_known,permutation group 3
3qubit_perms/25,3,synthetiq data/baselines/gheorgiu/permutations.txt,t_depth,8,Gheorghiu-Mosca-Mukhopadhyay,Gheorghiu Mosca Mukhopadhyay 2022 (npj Quantum Inf. 8:110; arXiv:2101.03142),reported,
3qubit_perms/25,3,synthetiq data/baselines/gheorgiu/permutations.txt,time_s,1283.2,Gheorghiu-Mosca-Mukhopadhyay,Gheorghiu Mosca Mukhopadhyay 2022 (npj Quantum Inf. 8:110; arXiv:2101.03142),reported,t_depth search
3qubit_perms/26,3,synthetiq notebooks/post_processing/64.ipynb,t_count,15,Synthetiq,Paradis Dekoninck Bichsel Vechev 2024 (OOPSLA; Synthetiq),best_known,permutation group 3
3qubit_perms/26,3,synthetiq data/baselines/mosca/permutations/26.txt,t_count,,Mosca-Mukhopadhyay,Mosca & Mukhopadhyay 2021 (Quantum Sci. Technol. 7(1); doi:10.1088/2058-9565/ac2d3a; arXiv:2006.12440),reported,no circuit found
3qubit_perms/26,3,synthetiq notebooks/post_processing/64.ipynb,t_depth,7,Synthetiq,Paradis Dekoninck Bichsel Vechev 2024 (OOPSLA; Synthetiq),best_known,permutation group 3
3qubit_perms/26,3,synthetiq data/baselines/gheorgiu/permutations.txt,t_depth,,Gheorghiu-Mosca-Mukhopadhyay,Gheorghiu Mosca Mukhopadhyay 2022 (npj Quantum Inf. 8:110; arXiv:2101.03142),reported,no circuit found
3qubit_perms/26,3,synthetiq data/baselines/gheorgiu/permutations.txt,time_s,1554.912,Gheorghiu-Mosca-Mukhopadhyay,Gheorghiu Mosca Mukhopadhyay 2022 (npj Quantum Inf. 8:110; arXiv:2101.03142),reported,t_depth search; no circuit found
3qubit_perms/27,3,synthetiq notebooks/post_processing/64.ipynb,t_count,8,Synthetiq,Paradis Dekoninck Bichsel Vechev 2024 (OOPSLA; Synthetiq),best_known,permutation group 2
3qubit_perms/27,3,synthetiq data/baselines/mosca/permutations/27.txt,t_count,14,Mosca-Mukhopadhyay,Mosca & Mukhopadhyay 2021 (Quantum Sci. Technol. 7(1); doi:10.1088/2058-9565/ac2d3a; arXiv:2006.12440),reported,
3qubit_perms/27,3,synthetiq notebooks/post_processing/64.ipynb,t_depth,3,Synthetiq,Paradis Dekoninck Bichsel Vechev 2024 (OOPSLA; Synthetiq),best_known,permutation group 2
3qubit_perms/27,3,synthetiq data/baselines/gheorgiu/permutations.txt,t_depth,6,Gheorghiu-Mosca-Mukhopadhyay,Gheorghiu Mosca Mukhopadhyay 2022 (npj Quantum Inf. 8:110; arXiv:2101.03142),reported,
3qubit_perms/27,3,synthetiq data/baselines/gheorgiu/permutations.txt,time_s,87.582,Gheorghiu-Mosca-Mukhopadhyay,Gheorghiu Mosca Mukhopadhyay 2022 (npj Quantum Inf. 8:110; arXiv:2101.03142),reported,t_depth search
3qubit_perms/27,3,synthetiq data/baselines/mosca/permutations/27.txt,time_s,624.0379679203033,Mosca-Mukhopadhyay,Mosca & Mukhopadhyay 2021 (Quantum Sci. Technol. 7(1); doi:10.1088/2058-9565/ac2d3a; arXiv:2006.12440),reported,t_count search
3qubit_perms/28,3,synthetiq data/baselines/mosca/permutations/28.txt,t_count,8,Mosca-Mukhopadhyay,Mosca & Mukhopadhyay 2021 (Quantum Sci. Technol. 7(1); doi:10.1088/2058-9565/ac2d3a; arXiv:2006.12440),best_known,
3qubit_perms/28,3,synthetiq notebooks/post_processing/64.ipynb,t_count,8,Synthetiq,Paradis Dekoninck Bichsel Vechev 2024 (OOPSLA; Synthetiq),best_known,permutation group 2
3qubit_perms/28,3,synthetiq notebooks/post_processing/64.ipynb,t_depth,3,Synthetiq,Paradis Dekoninck Bichsel Vechev 2024 (OOPSLA; Synthetiq),best_known,permutation group 2
3qubit_perms/28,3,synthetiq data/baselines/gheorgiu/permutations.txt,t_depth,4,Gheorghiu-Mosca-Mukhopadhyay,Gheorghiu Mosca Mukhopadhyay 2022 (npj Quantum Inf. 8:110; arXiv:2101.03142),reported,
3qubit_perms/28,3,synthetiq data/baselines/mosca/permutations/28.txt,time_s,20.17772603034973,Mosca-Mukhopadhyay,Mosca & Mukhopadhyay 2021 (Quantum Sci. Technol. 7(1); doi:10.1088/2058-9565/ac2d3a; arXiv:2006.12440),reported,t_count search
3qubit_perms/28,3,synthetiq data/baselines/gheorgiu/permutations.txt,time_s,31.351,Gheorghiu-Mosca-Mukhopadhyay,Gheorghiu Mosca Mukhopadhyay 2022 (npj Quantum Inf. 8:110; arXiv:2101.03142),reported,t_depth search
3qubit_perms/29,3,synthetiq data/baselines/mosca/permutations/29.txt,t_count,7,Mosca-Mukhopadhyay,Mosca & Mukhopadhyay 2021 (Quantum Sci. Technol. 7(1); doi:10.1088/2058-9565/ac2d3a; arXiv:2006.12440),best_known,
3qubit_perms/29,3,synthetiq notebooks/post_processing/64.ipynb,t_count,7,Synthetiq,Paradis Dekoninck Bichsel Vechev 2024 (OOPSLA; Synthetiq),best_known,permutation group 1
3qubit_perms/29,3,synthetiq notebooks/post_processing/64.ipynb,t_depth,3,Synthetiq,Paradis Dekoninck Bichsel Vechev 2024 (OOPSLA; Synthetiq),best_known,permutation group 1
3qubit_perms/29,3,synthetiq data/baselines/gheorgiu/permutations.txt,t_depth,,Gheorghiu-Mosca-Mukhopadhyay,Gheorghiu Mosca Mukhopadhyay 2022 (npj Quantum Inf. 8:110; arXiv:2101.03142),reported,no circuit found
3qubit_perms/29,3,synthetiq data/baselines/mosca/permutations/29.txt,time_s,9.32231330871582,Mosca-Mukhopadhyay,Mosca & Mukhopadhyay 2021 (Quantum Sci. Technol. 7(1); doi:10.1088/2058-9565/ac2d3a; arXiv:2006.12440),reported,t_count search
3qubit_perms/29,3,synthetiq data/baselines/gheorgiu/permutations.txt,time_s,569.626,Gheorghiu-Mosca-Mukhopadhyay,Gheorghiu Mosca Mukhopadhyay 2022 (npj Quantum Inf. 8:110; arXiv:2101.03142),reported,t_depth search; no circuit found
3qubit_perms/3,3,synthetiq data/baselines/mosca/permutations/3.txt,t_count,8,Mosca-Mukhopadhyay,Mosca & Mukhopadhyay 2021 (Quantum Sci. Technol. 7(1); doi:10.1088/2058-9565/ac2d3a; arXiv:2006.12440),best_known,
3qubit_perms/3,3,synthetiq notebooks/post_processing/64.ipynb,t_count,8,Synthetiq,Paradis Dekoninck Bichsel Vechev 2024 (OOPSLA; Synthetiq),best_known,permutation group 2
3qubit_perms/3,3,synthetiq notebooks/post_processing/64.ipynb,t_depth,3,Synthetiq,Paradis Dekoninck Bichsel Vechev 2024 (OOPSLA; Synthetiq),best_known,permutation group 2
3qubit_perms/3,3,synthetiq data/baselines/gheorgiu/permutations.txt,t_depth,6,Gheorghiu-Mosca-Mukhopadhyay,Gheorghiu Mosca Mukhopadhyay 2022 (npj Quantum Inf. 8:110; arXiv:2101.03142),reported,
3qubit_perms/3,3,synthetiq data/baselines/mosca/permutations/3.txt,time_s,20.381402492523193,Mosca-Mukhopadhyay,Mosca & Mukhopadhyay 2021 (Quantum Sci. Technol. 7(1); doi:10.1088/2058-9565/ac2d3a; arXiv:2006.12440),reported,t_count search
3qubit_perms/3,3,synthetiq data/baselines/gheorgiu/permutations.txt,time_s,207.904,Gheorghiu-Mosca-Mukhopadhyay,Gheorghiu Mosca Mukhopadhyay 2022 (npj Quantum Inf. 8:110; arXiv:2101.03142),reported,t_depth search
3qubit_perms/4,3,synthetiq data/baselines/mosca/permutations/4.txt,t_count,8,Mosca-Mukhopadhyay,Mosca & Mukhopadhyay 2021 (Quantum Sci. Technol. 7(1); doi:10.1088/2058-9565/ac2d3a; arXiv:2006.12440),best_known,
3qubit_perms/4,3,synthetiq notebooks/post_processing/64.ipynb,t_count,8,Synthetiq,Paradis Dekoninck Bichsel Vechev 2024 (OOPSLA; Synthetiq),best_known,permutation group 2
3qubit_perms/4,3,synthetiq notebooks/post_processing/64.ipynb,t_depth,3,Synthetiq,Paradis Dekoninck Bichsel Vechev 2024 (OOPSLA; Synthetiq),best_known,permutation group 2
3qubit_perms/4,3,synthetiq data/baselines/gheorgiu/permutations.txt,t_depth,4,Gheorghiu-Mosca-Mukhopadhyay,Gheorghiu Mosca Mukhopadhyay 2022 (npj Quantum Inf. 8:110; arXiv:2101.03142),reported,
3qubit_perms/4,3,synthetiq data/baselines/mosca/permutations/4.txt,time_s,20.298521757125854,Mosca-Mukhopadhyay,Mosca & Mukhopadhyay 2021 (Quantum Sci. Technol. 7(1); doi:10.1088/2058-9565/ac2d3a; arXiv:2006.12440),reported,t_count search
3qubit_perms/4,3,synthetiq data/baselines/gheorgiu/permutations.txt,time_s,48.072,Gheorghiu-Mosca-Mukhopadhyay,Gheorghiu Mosca Mukhopadhyay 2022 (npj Quantum Inf. 8:110; arXiv:2101.03142),reported,t_depth search
3qubit_perms/5,3,synthetiq data/baselines/mosca/permutations/5.txt,t_count,7,Mosca-Mukhopadhyay,Mosca & Mukhopadhyay 2021 (Quantum Sci. Technol. 7(1); doi:10.1088/2058-9565/ac2d3a; arXiv:2006.12440),best_known,
3qubit_perms/5,3,synthetiq notebooks/post_processing/64.ipynb,t_count,7,Synthetiq,Paradis Dekoninck Bichsel Vechev 2024 (OOPSLA; Synthetiq),best_known,permutation group 1
3qubit_perms/5,3,synthetiq data/baselines/gheorgiu/permutations.txt,t_depth,3,Gheorghiu-Mosca-Mukhopadhyay,Gheorghiu Mosca Mukhopadhyay 2022 (npj Quantum Inf. 8:110; arXiv:2101.03142),best_known,
3qubit_perms/5,3,synthetiq notebooks/post_processing/64.ipynb,t_depth,3,Synthetiq,Paradis Dekoninck Bichsel Vechev 2024 (OOPSLA; Synthetiq),best_known,permutation group 1
3qubit_perms/5,3,synthetiq data/baselines/mosca/permutations/5.txt,time_s,11.266700744628906,Mosca-Mukhopadhyay,Mosca & Mukhopadhyay 2021 (Quantum Sci. Technol. 7(1); doi:10.1088/2058-9565/ac2d3a; arXiv:2006.12440),reported,t_count search
3qubit_perms/5,3,synthetiq data/baselines/gheorgiu/permutations.txt,time_s,148.338,Gheorghiu-Mosca-Mukhopadhyay,Gheorghiu Mosca Mukhopadhyay 2022 (npj Quantum Inf. 8:110; arXiv:2101.03142),reported,t_depth search
3qubit_perms/6,3,synthetiq data/baselines/mosca/permutations/6.txt,t_count,7,Mosca-Mukhopadhyay,Mosca & Mukhopadhyay 2021 (Quantum Sci. Technol. 7(1); doi:10.1088/2058-9565/ac2d3a; arXiv:2006.12440),best_known,
3qubit_perms/6,3,synthetiq notebooks/post_processing/64.ipynb,t_count,7,Synthetiq,Paradis Dekoninck Bichsel Vechev 2024 (OOPSLA; Synthetiq),best_known,permutation group 1
3qubit_perms/6,3,synthetiq notebooks/post_processing/64.ipynb,t_depth,3,Synthetiq,Paradis Dekoninck Bichsel Vechev 2024 (OOPSLA; Synthetiq),best_known,permutation group 1
3qubit_perms/6,3,synthetiq data/baselines/gheorgiu/permutations.txt,t_depth,5,Gheorghiu-Mosca-Mukhopadhyay,Gheorghiu Mosca Mukhopadhyay 2022 (npj Quantum Inf. 8:110; arXiv:2101.03142),reported,
3qubit_perms/6,3,synthetiq data/baselines/mosca/permutations/6.txt,time_s,10.595563650131226,Mosca-Mukhopadhyay,Mosca & Mukhopadhyay 2021 (Quantum Sci. Technol. 7(1); doi:10.1088/2058-9565/ac2d3a; arXiv:2006.12440),reported,t_count search
3qubit_perms/6,3,synthetiq data/baselines/gheorgiu/permutations.txt,time_s,64.495,Gheorghiu-Mosca-Mukhopadhyay,Gheorghiu Mosca Mukhopadhyay 2022 (npj Quantum Inf. 8:110; arXiv:2101.03142),reported,t_depth search
3qubit_perms/7,3,synthetiq data/baselines/mosca/permutations/7.txt,t_count,8,Mosca-Mukhopadhyay,Mosca & Mukhopadhyay 2021 (Quantum Sci. Technol. 7(1); doi:10.1088/2058-9565/ac2d3a; arXiv:2006.12440),best_known,
3qubit_perms/7,3,synthetiq notebooks/post_processing/64.ipynb,t_count,8,Synthetiq,Paradis Dekoninck Bichsel Vechev 2024 (OOPSLA; Synthetiq),best_known,permutation group 2
3qubit_perms/7,3,synthetiq notebooks/post_processing/64.ipynb,t_depth,3,Synthetiq,Paradis Dekoninck Bichsel Vechev 2024 (OOPSLA; Synthetiq),best_known,permutation group 2
3qubit_perms/7,3,synthetiq data/baselines/gheorgiu/permutations.txt,t_depth,,Gheorghiu-Mosca-Mukhopadhyay,Gheorghiu Mosca Mukhopadhyay 2022 (npj Quantum Inf. 8:110; arXiv:2101.03142),reported,no circuit found
3qubit_perms/7,3,synthetiq data/baselines/mosca/permutations/7.txt,time_s,20.351643562316895,Mosca-Mukhopadhyay,Mosca & Mukhopadhyay 2021 (Quantum Sci. Technol. 7(1); doi:10.1088/2058-9565/ac2d3a; arXiv:2006.12440),reported,t_count search
3qubit_perms/7,3,synthetiq data/baselines/gheorgiu/permutations.txt,time_s,488.688,Gheorghiu-Mosca-Mukhopadhyay,Gheorghiu Mosca Mukhopadhyay 2022 (npj Quantum Inf. 8:110; arXiv:2101.03142),reported,t_depth search; no circuit found
3qubit_perms/8,3,synthetiq notebooks/post_processing/64.ipynb,t_count,8,Synthetiq,Paradis Dekoninck Bichsel Vechev 2024 (OOPSLA; Synthetiq),best_known,permutation group 2
3qubit_perms/8,3,synthetiq data/baselines/mosca/permutations/8.txt,t_count,14,Mosca-Mukhopadhyay,Mosca & Mukhopadhyay 2021 (Quantum Sci. Technol. 7(1); doi:10.1088/2058-9565/ac2d3a; arXiv:2006.12440),reported,
3qubit_perms/8,3,synthetiq notebooks/post_processing/64.ipynb,t_depth,3,Synthetiq,Paradis Dekoninck Bichsel Vechev 2024 (OOPSLA; Synthetiq),best_known,permutation group 2
3qubit_perms/8,3,synthetiq data/baselines/gheorgiu/permutations.txt,t_depth,5,Gheorghiu-Mosca-Mukhopadhyay,Gheorghiu Mosca Mukhopadhyay 2022 (npj Quantum Inf. 8:110; arXiv:2101.03142),reported,
3qubit_perms/8,3,synthetiq data/baselines/gheorgiu/permutations.txt,time_s,82.03,Gheorghiu-Mosca-Mukhopadhyay,Gheorghiu Mosca Mukhopadhyay 2022 (npj Quantum Inf. 8:110; arXiv:2101.03142),reported,t_depth search
3qubit_perms/8,3,synthetiq data/baselines/mosca/permutations/8.txt,time_s,621.632223367691,Mosca-Mukhopadhyay,Mosca & Mukhopadhyay 2021 (Quantum Sci. Technol. 7(1); doi:10.1088/2058-9565/ac2d3a; arXiv:2006.12440),reported,t_count search
3qubit_perms/9,3,synthetiq notebooks/post_processing/64.ipynb,t_count,15,Synthetiq,Paradis Dekoninck Bichsel Vechev 2024 (OOPSLA; Synthetiq),best_known,permutation group 3
3qubit_perms/9,3,synthetiq data/baselines/mosca/permutations/9.txt,t_count,,Mosca-Mukhopadhyay,Mosca & Mukhopadhyay 2021 (Quantum Sci. Technol. 7(1); doi:10.1088/2058-9565/ac2d3a; arXiv:2006.12440),reported,no circuit found
3qubit_perms/9,3,synthetiq notebooks/post_processing/64.ipynb,t_depth,7,Synthetiq,Paradis Dekoninck Bichsel Vechev 2024 (OOPSLA; Synthetiq),best_known,permutation group 3
3qubit_perms/9,3,synthetiq data/baselines/gheorgiu/permutations.txt,t_depth,,Gheorghiu-Mosca-Mukhopadhyay,Gheorghiu Mosca Mukhopadhyay 2022 (npj Quantum Inf. 8:110; arXiv:2101.03142),reported,no circuit found
3qubit_perms/9,3,synthetiq data/baselines/gheorgiu/permutations.txt,time_s,4900.752,Gheorghiu-Mosca-Mukhopadhyay,Gheorghiu Mosca Mukhopadhyay 2022 (npj Quantum Inf. 8:110; arXiv:2101.03142),reported,t_depth search; no circuit found
AND,3,Rietsch et al. 2024 Table II,t_count,7,Gumbel AlphaZero,Rietsch et al. 2024 (IEEE QCE 2024; arXiv:2404.14865v4),best_known,Table II row 'AND'; no target file: no definition found in Rietsch et al. or its references (TODO)
AND,3,Rietsch et al. 2024 Table II,t_count,7,MIN-T-SYNTH,Rietsch et al. 2024 (IEEE QCE 2024; arXiv:2404.14865v4),best_known,Table II row 'AND'; no target file: no definition found in Rietsch et al. or its references (TODO)
AND,3,Rietsch et al. 2024 Table II,t_count,7,Synthetiq,Rietsch et al. 2024 (IEEE QCE 2024; arXiv:2404.14865v4),best_known,Table II row 'AND'; no target file: no definition found in Rietsch et al. or its references (TODO); 800 s limit on 48 cores
AND,3,Rietsch et al. 2024 Table II,t_count,,QCOpt,Rietsch et al. 2024 (IEEE QCE 2024; arXiv:2404.14865v4),reported,Table II row 'AND'; no target file: no definition found in Rietsch et al. or its references (TODO); 3 h limit; failed: time limit or no convergence
AND,3,Rietsch et al. 2024 Table II,time_s,0.498,Synthetiq,Rietsch et al. 2024 (IEEE QCE 2024; arXiv:2404.14865v4),reported,Table II row 'AND'; no target file: no definition found in Rietsch et al. or its references (TODO); 800 s limit on 48 cores
AND,3,Rietsch et al. 2024 Table II,time_s,3.44,MIN-T-SYNTH,Rietsch et al. 2024 (IEEE QCE 2024; arXiv:2404.14865v4),reported,Table II row 'AND'; no target file: no definition found in Rietsch et al. or its references (TODO)
AND,3,Rietsch et al. 2024 Table II,time_s,16.83,Gumbel AlphaZero,Rietsch et al. 2024 (IEEE QCE 2024; arXiv:2404.14865v4),reported,Table II row 'AND'; no target file: no definition found in Rietsch et al. or its references (TODO)
CT (1 ancilla),3,Amy et al. 2013 Fig. 14,t_count,9,meet-in-the-middle search,Amy Maslov Mosca Roetteler 2013 (IEEE TCAD 32(6):818-830; arXiv:1206.0758),best_known,no target file: uses a clean ancilla; 1 ancilla
CT (1 ancilla),3,Amy et al. 2013 Fig. 14,t_depth,3,meet-in-the-middle search,Amy Maslov Mosca Roetteler 2013 (IEEE TCAD 32(6):818-830; arXiv:1206.0758),best_known,no target file: uses a clean ancilla; 1 ancilla
4qubit/U1,4,Rietsch et al. 2024 Table II,t_count,11,MIN-T-SYNTH,Rietsch et al. 2024 (IEEE QCE 2024; arXiv:2404.14865v4),best_known,Table II row '2 Toffoli (U1)'; source's U1 = (TOF x I)(I x TOF) (Mosca & Mukhopadhyay); our file (Synthetiq's) is its inverse: same T-count and T-depth
4qubit/U1,4,Mosca & Mukhopadhyay 2021 Table 1,t_count,11,MIN-T-SYNTH,Mosca & Mukhopadhyay 2021 (Quantum Sci. Technol. 7(1); doi:10.1088/2058-9565/ac2d3a; arXiv:2006.12440),best_known,source's U1 = (TOF x I)(I x TOF) (Mosca & Mukhopadhyay); our file (Synthetiq's) is its inverse: same T-count and T-depth
4qubit/U1,4,synthetiq data/baselines/mosca/comparison/U1.txt,t_count,11,Mosca-Mukhopadhyay,Mosca & Mukhopadhyay 2021 (Quantum Sci. Technol. 7(1); doi:10.1088/2058-9565/ac2d3a; arXiv:2006.12440),best_known,
4qubit/U1,4,synthetiq data/circuits/64/U1_tcount.qasm,t_count,11,Synthetiq,Paradis Dekoninck Bichsel Vechev 2024 (OOPSLA; Synthetiq),best_known,T-count-optimized run; circuit checked against the target (equal)
4qubit/U1,4,Rietsch et al. 2024 Table II,t_count,12,Gumbel AlphaZero,Rietsch et al. 2024 (IEEE QCE 2024; arXiv:2404.14865v4),reported,Table II row '2 Toffoli (U1)'; source's U1 = (TOF x I)(I x TOF) (Mosca & Mukhopadhyay); our file (Synthetiq's) is its inverse: same T-count and T-depth
4qubit/U1,4,Rietsch et al. 2024 Table II,t_count,,QCOpt,Rietsch et al. 2024 (IEEE QCE 2024; arXiv:2404.14865v4),reported,Table II row '2 Toffoli (U1)'; source's U1 = (TOF x I)(I x TOF) (Mosca & Mukhopadhyay); our file (Synthetiq's) is its inverse: same T-count and T-depth; 3 h limit; failed: time limit or no convergence
4qubit/U1,4,Rietsch et al. 2024 Table II,t_count,,Synthetiq,Rietsch et al. 2024 (IEEE QCE 2024; arXiv:2404.14865v4),reported,Table II row '2 Toffoli (U1)'; source's U1 = (TOF x I)(I x TOF) (Mosca & Mukhopadhyay); our file (Synthetiq's) is its inverse: same T-count and T-depth; 800 s limit on 48 cores; failed: time limit or no convergence
4qubit/U1,4,synthetiq data/circuits/64/U1_tdepth.qasm,t_depth,5,Synthetiq,Paradis Dekoninck Bichsel Vechev 2024 (OOPSLA; Synthetiq),best_known,T-depth-optimized run; circuit checked against the target (equal)
4qubit/U1,4,synthetiq data/baselines/gheorgiu/comparison/U1.txt,t_depth,6,Gheorghiu-Mosca-Mukhopadhyay,Gheorghiu Mosca Mukhopadhyay 2022 (npj Quantum Inf. 8:110; arXiv:2101.03142),reported,
4qubit/U1,4,synthetiq data/circuits/64/U1_tcount.qasm,gate_count,61,Synthetiq,Paradis Dekoninck Bichsel Vechev 2024 (OOPSLA; Synthetiq),best_known,T-count-optimized run; circuit checked against the target (equal)
4qubit/U1,4,synthetiq data/circuits/64/U1_tcount.qasm,depth,42,Synthetiq,Paradis Dekoninck Bichsel Vechev 2024 (OOPSLA; Synthetiq),best_known,T-count-optimized run; circuit checked against the target (equal)
4qubit/U1,4,Rietsch et al. 2024 Table II,time_s,19.27,Gumbel AlphaZero,Rietsch et al. 2024 (IEEE QCE 2024; arXiv:2404.14865v4),reported,Table II row '2 Toffoli (U1)'; source's U1 = (TOF x I)(I x TOF) (Mosca & Mukhopadhyay); our file (Synthetiq's) is its inverse: same T-count and T-depth
4qubit/U1,4,synthetiq data/circuits/64/table6.csv,time_s,2273.68,Synthetiq,Paradis Dekoninck Bichsel Vechev 2024 (OOPSLA; Synthetiq),reported,t_count run: mean time to an optimal circuit
4qubit/U1,4,synthetiq data/circuits/64/table6.csv,time_s,6171.43,Synthetiq,Paradis Dekoninck Bichsel Vechev 2024 (OOPSLA; Synthetiq),reported,t_depth run: mean time to an optimal circuit
4qubit/U1,4,Rietsch et al. 2024 Table II,time_s,6642.16,MIN-T-SYNTH,Rietsch et al. 2024 (IEEE QCE 2024; arXiv:2404.14865v4),reported,Table II row '2 Toffoli (U1)'; source's U1 = (TOF x I)(I x TOF) (Mosca & Mukhopadhyay); our file (Synthetiq's) is its inverse: same T-count and T-depth
4qubit/U1,4,Mosca & Mukhopadhyay 2021 Table 1,time_s,7812.0,MIN-T-SYNTH,Mosca & Mukhopadhyay 2021 (Quantum Sci. Technol. 7(1); doi:10.1088/2058-9565/ac2d3a; arXiv:2006.12440),reported,source's U1 = (TOF x I)(I x TOF) (Mosca & Mukhopadhyay); our file (Synthetiq's) is its inverse: same T-count and T-depth
4qubit/U1,4,synthetiq data/baselines/mosca/comparison/U1.txt,time_s,14012.139988,Mosca-Mukhopadhyay,Mosca & Mukhopadhyay 2021 (Quantum Sci. Technol. 7(1); doi:10.1088/2058-9565/ac2d3a; arXiv:2006.12440),reported,t_count search
4qubit/U1,4,synthetiq data/baselines/gheorgiu/comparison/U1.txt,time_s,39956.395,Gheorghiu-Mosca-Mukhopadhyay,Gheorghiu Mosca Mukhopadhyay 2022 (npj Quantum Inf. 8:110; arXiv:2101.03142),reported,t_depth search
4qubit/U1_var,4,synthetiq data/circuits/64/U1_var_tcount.qasm,t_count,11,Synthetiq,Paradis Dekoninck Bichsel Vechev 2024 (OOPSLA; Synthetiq),best_known,T-count-optimized run; circuit checked against the target (equal)
4qubit/U1_var,4,synthetiq data/baselines/mosca/comparison/U1_var.txt,t_count,14,Mosca-Mukhopadhyay,Mosca & Mukhopadhyay 2021 (Quantum Sci. Technol. 7(1); doi:10.1088/2058-9565/ac2d3a; arXiv:2006.12440),reported,
4qubit/U1_var,4,synthetiq data/circuits/64/U1_var_tdepth.qasm,t_depth,5,Synthetiq,Paradis Dekoninck Bichsel Vechev 2024 (OOPSLA; Synthetiq),best_known,T-depth-optimized run; circuit checked against the target (equal)
4qubit/U1_var,4,synthetiq data/baselines/gheorgiu/comparison/U1_var.txt,t_depth,,Gheorghiu-Mosca-Mukhopadhyay,Gheorghiu Mosca Mukhopadhyay 2022 (npj Quantum Inf. 8:110; arXiv:2101.03142),reported,run did not finish
4qubit/U1_var,4,synthetiq data/circuits/64/U1_var_tcount.qasm,gate_count,55,Synthetiq,Paradis Dekoninck Bichsel Vechev 2024 (OOPSLA; Synthetiq),best_known,T-count-optimized run; circuit checked against the target (equal)
4qubit/U1_var,4,synthetiq data/circuits/64/U1_var_tcount.qasm,depth,37,Synthetiq,Paradis Dekoninck Bichsel Vechev 2024 (OOPSLA; Synthetiq),best_known,T-count-optimized run; circuit checked against the target (equal)
4qubit/U1_var,4,synthetiq data/circuits/64/table6.csv,time_s,2700.0,Synthetiq,Paradis Dekoninck Bichsel Vechev 2024 (OOPSLA; Synthetiq),reported,t_count run: mean time to an optimal circuit
4qubit/U1_var,4,synthetiq data/circuits/64/table6.csv,time_s,6171.43,Synthetiq,Paradis Dekoninck Bichsel Vechev 2024 (OOPSLA; Synthetiq),reported,t_depth run: mean time to an optimal circuit
4qubit/U1_var,4,synthetiq data/baselines/mosca/comparison/U1_var.txt,time_s,16135.605047,Mosca-Mukhopadhyay,Mosca & Mukhopadhyay 2021 (Quantum Sci. Technol. 7(1); doi:10.1088/2058-9565/ac2d3a; arXiv:2006.12440),reported,t_count search
4qubit/U2,4,Rietsch et al. 2024 Table II,t_count,7,Gumbel AlphaZero,Rietsch et al. 2024 (IEEE QCE 2024; arXiv:2404.14865v4),best_known,"Table II row '3 Toffoli (U2)'; source's U2 = (TOF x I)(I x TOF)(TOF x I); our file (Synthetiq's) is CX(0;1) TOF(2,3;0) CX(0;1): both are CNOT conjugates of one Toffoli, so T-count and T-depth agree but other counts may not"
4qubit/U2,4,Rietsch et al. 2024 Table II,t_count,7,MIN-T-SYNTH,Rietsch et al. 2024 (IEEE QCE 2024; arXiv:2404.14865v4),best_known,"Table II row '3 Toffoli (U2)'; source's U2 = (TOF x I)(I x TOF)(TOF x I); our file (Synthetiq's) is CX(0;1) TOF(2,3;0) CX(0;1): both are CNOT conjugates of one Toffoli, so T-count and T-depth agree but other counts may not"
4qubit/U2,4,Mosca & Mukhopadhyay 2021 Table 1,t_count,7,MIN-T-SYNTH,Mosca & Mukhopadhyay 2021 (Quantum Sci. Technol. 7(1); doi:10.1088/2058-9565/ac2d3a; arXiv:2006.12440),best_known,"source's U2 = (TOF x I)(I x TOF)(TOF x I); our file (Synthetiq's) is CX(0;1) TOF(2,3;0) CX(0;1): both are CNOT conjugates of one Toffoli, so T-count and T-depth agree but other counts may not"
4qubit/U2,4,synthetiq data/baselines/mosca/comparison/U2.txt,t_count,7,Mosca-Mukhopadhyay,Mosca & Mukhopadhyay 2021 (Quantum Sci. Technol. 7(1); doi:10.1088/2058-9565/ac2d3a; arXiv:2006.12440),best_known,
4qubit/U2,4,Rietsch et al. 2024 Table II,t_count,7,Synthetiq,Rietsch et al. 2024 (IEEE QCE 2024; arXiv:2404.14865v4),best_known,"Table II row '3 Toffoli (U2)'; source's U2 = (TOF x I)(I x TOF)(TOF x I); our file (Synthetiq's) is CX(0;1) TOF(2,3;0) CX(0;1): both are CNOT conjugates of one Toffoli, so T-count and T-depth agree but other counts may not; 800 s limit on 48 cores"
4qubit/U2,4,synthetiq data/circuits/64/U2_tcount.qasm,t_count,7,Synthetiq,Paradis Dekoninck Bichsel Vechev 2024 (OOPSLA; Synthetiq),best_known,T-count-optimized run; circuit checked against the target (equal)
4qubit/U2,4,Rietsch et al. 2024 Table II,t_count,,QCOpt,Rietsch et al. 2024 (IEEE QCE 2024; arXiv:2404.14865v4),reported,"Table II row '3 Toffoli (U2)'; source's U2 = (TOF x I)(I x TOF)(TOF x I); our file (Synthetiq's) is CX(0;1) TOF(2,3;0) CX(0;1): both are CNOT conjugates of one Toffoli, so T-count and T-depth agree but other counts may not; 3 h limit; failed: time limit or no convergence"
4qubit/U2,4,synthetiq data/circuits/64/U2_tdepth.qasm,t_depth,3,Synthetiq,Paradis Dekoninck Bichsel Vechev 2024 (OOPSLA; Synthetiq),best_known,T-depth-optimized run; circuit checked against the target (equal)
4qubit/U2,4,synthetiq data/baselines/gheorgiu/comparison/U2.txt,t_depth,,Gheorghiu-Mosca-Mukhopadhyay,Gheorghiu Mosca Mukhopadhyay 2022 (npj Quantum Inf. 8:110; arXiv:2101.03142),reported,run did not finish
4qubit/U2,4,synthetiq data/circuits/64/U2_tcount.qasm,gate_count,54,Synthetiq,Paradis Dekoninck Bichsel Vechev 2024 (OOPSLA; Synthetiq),best_known,T-count-optimized run; circuit checked against the target (equal)
4qubit/U2,4,synthetiq data/circuits/64/U2_tcount.qasm,depth,31,Synthetiq,Paradis Dekoninck Bichsel Vechev 2024 (OOPSLA; Synthetiq),best_known,T-count-optimized run; circuit checked against the target (equal)
4qubit/U2,4,Rietsch et al. 2024 Table II,time_s,12.058,Synthetiq,Rietsch et al. 2024 (IEEE QCE 2024; arXiv:2404.14865v4),reported,"Table II row '3 Toffoli (U2)'; source's U2 = (TOF x I)(I x TOF)(TOF x I); our file (Synthetiq's) is CX(0;1) TOF(2,3;0) CX(0;1): both are CNOT conjugates of one Toffoli, so T-count and T-depth agree but other counts may not; 800 s limit on 48 cores"
4qubit/U2,4,synthetiq data/circuits/64/table6.csv,time_s,12.87,Synthetiq,Paradis Dekoninck Bichsel Vechev 2024 (OOPSLA; Synthetiq),reported,t_count run: mean time to an optimal circuit
4qubit/U2,4,Rietsch et al. 2024 Table II,time_s,18.54,Gumbel AlphaZero,Rietsch et al. 2024 (IEEE QCE 2024; arXiv:2404.14865v4),reported,"Table II row '3 Toffoli (U2)'; source's U2 = (TOF x I)(I x TOF)(TOF x I); our file (Synthetiq's) is CX(0;1) TOF(2,3;0) CX(0;1): both are CNOT conjugates of one Toffoli, so T-count and T-depth agree but other counts may not"
4qubit/U2,4,synthetiq data/circuits/64/table6.csv,time_s,110.97,Synthetiq,Paradis Dekoninck Bichsel Vechev 2024 (OOPSLA; Synthetiq),reported,t_depth run: mean time to an optimal circuit
4qubit/U2,4,Rietsch et al. 2024 Table II,time_s,309.84,MIN-T-SYNTH,Rietsch et al. 2024 (IEEE QCE 2024; arXiv:2404.14865v4),reported,"Table II row '3 Toffoli (U2)'; source's U2 = (TOF x I)(I x TOF)(TOF x I); our file (Synthetiq's) is CX(0;1) TOF(2,3;0) CX(0;1): both are CNOT conjugates of one Toffoli, so T-count and T-depth agree but other counts may not"
4qubit/U2,4,Mosca & Mukhopadhyay 2021 Table 1,time_s,391.27,MIN-T-SYNTH,Mosca & Mukhopadhyay 2021 (Quantum Sci. Technol. 7(1); doi:10.1088/2058-9565/ac2d3a; arXiv:2006.12440),reported,"source's U2 = (TOF x I)(I x TOF)(TOF x I); our file (Synthetiq's) is CX(0;1) TOF(2,3;0) CX(0;1): both are CNOT conjugates of one Toffoli, so T-count and T-depth agree but other counts may not"
4qubit/U2,4,synthetiq data/baselines/mosca/comparison/U2.txt,time_s,801.901246,Mosca-Mukhopadhyay,Mosca & Mukhopadhyay 2021 (Quantum Sci. Technol. 7(1); doi:10.1088/2058-9565/ac2d3a; arXiv:2006.12440),reported,t_count search
4qubit/adder,4,Rietsch et al. 2024 Table II,t_count,7,Gumbel AlphaZero,Rietsch et al. 2024 (IEEE QCE 2024; arXiv:2404.14865v4),best_known,"Table II row '1-bit adder'; assumed to be Amy et al.'s 1-bit adder (Fig. 11), which our file is up to qubit order"
4qubit/adder,4,Rietsch et al. 2024 Table II,t_count,7,MIN-T-SYNTH,Rietsch et al. 2024 (IEEE QCE 2024; arXiv:2404.14865v4),best_known,"Table II row '1-bit adder'; assumed to be Amy et al.'s 1-bit adder (Fig. 11), which our file is up to qubit order"
4qubit/adder,4,Mosca & Mukhopadhyay 2021 Table 1,t_count,7,MIN-T-SYNTH,Mosca & Mukhopadhyay 2021 (Quantum Sci. Technol. 7(1); doi:10.1088/2058-9565/ac2d3a; arXiv:2006.12440),best_known,"assumed to be Amy et al.'s 1-bit adder (Fig. 11), which our file is up to qubit order"
4qubit/adder,4,synthetiq data/baselines/mosca/comparison/adder.txt,t_count,7,Mosca-Mukhopadhyay,Mosca & Mukhopadhyay 2021 (Quantum Sci. Technol. 7(1); doi:10.1088/2058-9565/ac2d3a; arXiv:2006.12440),best_known,
4qubit/adder,4,synthetiq data/circuits/64/adder_tcount.qasm,t_count,7,Synthetiq,Paradis Dekoninck Bichsel Vechev 2024 (OOPSLA; Synthetiq),best_known,T-count-optimized run; circuit checked against the target (equal)
4qubit/adder,4,Rietsch et al. 2024 Table II,t_count,8,Synthetiq,Rietsch et al. 2024 (IEEE QCE 2024; arXiv:2404.14865v4),reported,"Table II row '1-bit adder'; assumed to be Amy et al.'s 1-bit adder (Fig. 11), which our file is up to qubit order; 800 s limit on 48 cores"
4qubit/adder,4,Amy et al. 2013 Fig. 11,t_count,8,meet-in-the-middle search,Amy Maslov Mosca Roetteler 2013 (IEEE TCAD 32(6):818-830; arXiv:1206.0758),reported,"assumed to be Amy et al.'s 1-bit adder (Fig. 11), which our file is up to qubit order; peephole-optimized"
4qubit/adder,4,Rietsch et al. 2024 Table II,t_count,,QCOpt,Rietsch et al. 2024 (IEEE QCE 2024; arXiv:2404.14865v4),reported,"Table II row '1-bit adder'; assumed to be Amy et al.'s 1-bit adder (Fig. 11), which our file is up to qubit order; 3 h limit; failed: time limit or no convergence"
4qubit/adder,4,synthetiq data/circuits/64/adder_tdepth.qasm,t_depth,2,Synthetiq,Paradis Dekoninck Bichsel Vechev 2024 (OOPSLA; Synthetiq),best_known,T-depth-optimized run; circuit checked against the target (equal)
4qubit/adder,4,Amy et al. 2013 Fig. 11,t_depth,2,meet-in-the-middle search,Amy Maslov Mosca Roetteler 2013 (IEEE TCAD 32(6):818-830; arXiv:1206.0758),best_known,"assumed to be Amy et al.'s 1-bit adder (Fig. 11), which our file is up to qubit order; peephole-optimized"
4qubit/adder,4,synthetiq data/baselines/gheorgiu/comparison/adder.txt,t_depth,,Gheorghiu-Mosca-Mukhopadhyay,Gheorghiu Mosca Mukhopadhyay 2022 (npj Quantum Inf. 8:110; arXiv:2101.03142),reported,run did not finish
4qubit/adder,4,synthetiq data/circuits/64/adder_tcount.qasm,gate_count,44,Synthetiq,Paradis Dekoninck Bichsel Vechev 2024 (OOPSLA; Synthetiq),best_known,T-count-optimized run; circuit checked against the target (equal)
4qubit/adder,4,synthetiq data/circuits/64/adder_tcount.qasm,depth,28,Synthetiq,Paradis Dekoninck Bichsel Vechev 2024 (OOPSLA; Synthetiq),best_known,T-count-optimized run; circuit checked against the target (equal)
4qubit/adder,4,synthetiq data/circuits/64/table6.csv,time_s,11.03,Synthetiq,Paradis Dekoninck Bichsel Vechev 2024 (OOPSLA; Synthetiq),reported,t_count run: mean time to an optimal circuit
4qubit/adder,4,Rietsch et al. 2024 Table II,time_s,18.53,Gumbel AlphaZero,Rietsch et al. 2024 (IEEE QCE 2024; arXiv:2404.14865v4),reported,"Table II row '1-bit adder'; assumed to be Amy et al.'s 1-bit adder (Fig. 11), which our file is up to qubit order"
4qubit/adder,4,Rietsch et al. 2024 Table II,time_s,24.365,Synthetiq,Rietsch et al. 2024 (IEEE QCE 2024; arXiv:2404.14865v4),reported,"Table II row '1-bit adder'; assumed to be Amy et al.'s 1-bit adder (Fig. 11), which our file is up to qubit order; 800 s limit on 48 cores"
4qubit/adder,4,synthetiq data/circuits/64/table6.csv,time_s,40.3,Synthetiq,Paradis Dekoninck Bichsel Vechev 2024 (OOPSLA; Synthetiq),reported,t_depth run: mean time to an optimal circuit
4qubit/adder,4,Rietsch et al. 2024 Table II,time_s,312.55,MIN-T-SYNTH,Rietsch et al. 2024 (IEEE QCE 2024; arXiv:2404.14865v4),reported,"Table II row '1-bit adder'; assumed to be Amy et al.'s 1-bit adder (Fig. 11), which our file is up to qubit order"
4qubit/adder,4,Mosca & Mukhopadhyay 2021 Table 1,time_s,429.17,MIN-T-SYNTH,Mosca & Mukhopadhyay 2021 (Quantum Sci. Technol. 7(1); doi:10.1088/2058-9565/ac2d3a; arXiv:2006.12440),reported,"assumed to be Amy et al.'s 1-bit adder (Fig. 11), which our file is up to qubit order"
4qubit/adder,4,synthetiq data/baselines/mosca/comparison/adder.txt,time_s,869.801455,Mosca-Mukhopadhyay,Mosca & Mukhopadhyay 2021 (Quantum Sci. Technol. 7(1); doi:10.1088/2058-9565/ac2d3a; arXiv:2006.12440),reported,t_count search
4qubit/cciswap,4,synthetiq data/circuits/62/cciswap.qasm,t_count,18,Synthetiq,Paradis Dekoninck Bichsel Vechev 2024 (OOPSLA; Synthetiq),best_known,T-depth-optimized run; circuit checked against the target (equal)
4qubit/cciswap,4,synthetiq data/circuits/62/cciswap.qasm,t_depth,8,Synthetiq,Paradis Dekoninck Bichsel Vechev 2024 (OOPSLA; Synthetiq),best_known,T-depth-optimized run; circuit checked against the target (equal)
4qubit/cciswap,4,synthetiq data/circuits/62/cciswap.qasm,gate_count,57,Synthetiq,Paradis Dekoninck Bichsel Vechev 2024 (OOPSLA; Synthetiq),best_known,T-depth-optimized run; circuit checked against the target (equal)
4qubit/cciswap,4,synthetiq data/circuits/62/cciswap.qasm,depth,38,Synthetiq,Paradis Dekoninck Bichsel Vechev 2024 (OOPSLA; Synthetiq),best_known,T-depth-optimized run; circuit checked against the target (equal)
4qubit/ccz,4,derived: 3-qubit Toffoli circuit,t_count,7,Amy et al. Fig. 13 Toffoli + Clifford gates,Amy Maslov Mosca Roetteler 2013 (IEEE TCAD 32(6):818-830; arXiv:1206.0758),best_known,the 3-qubit circuit with qubit 3 idle; no lower bound proven for the 4-qubit operator
4qubit/ccz,4,derived: 3-qubit Toffoli circuit,t_depth,3,Amy et al. Fig. 13 Toffoli + Clifford gates,Amy Maslov Mosca Roetteler 2013 (IEEE TCAD 32(6):818-830; arXiv:1206.0758),best_known,the 3-qubit circuit with qubit 3 idle; no lower bound proven for the 4-qubit operator
4qubit/rcccx,4,qiskit rcccx definition,t_count,8,qiskit RC3XGate definition,Maslov 2016 (Phys. Rev. A 93:022311; arXiv:1508.03273),best_known,the definition's gates as written (qubit-reversed)
4qubit/rcccx,4,synthetiq data/circuits/62/table4.csv,t_depth,8,Table 4 baseline,Paradis Dekoninck Bichsel Vechev 2024 (OOPSLA; Synthetiq),best_known,Maslov 2016 RC3X (= qiskit RC3XGate) as written
4qubit/rcccx,4,qiskit rcccx definition,t_depth,8,qiskit RC3XGate definition,Maslov 2016 (Phys. Rev. A 93:022311; arXiv:1508.03273),best_known,the definition's gates as written (qubit-reversed)
4qubit/rcccx,4,qiskit rcccx definition,gate_count,18,qiskit RC3XGate definition,Maslov 2016 (Phys. Rev. A 93:022311; arXiv:1508.03273),best_known,the definition's gates as written (qubit-reversed)
4qubit/rcccx,4,qiskit rcccx definition,depth,18,qiskit RC3XGate definition,Maslov 2016 (Phys. Rev. A 93:022311; arXiv:1508.03273),best_known,the definition's gates as written (qubit-reversed)
4qubit/toffoli,4,derived: 3-qubit Toffoli circuit,t_count,7,Amy et al. Fig. 13 Toffoli + Clifford gates,Amy Maslov Mosca Roetteler 2013 (IEEE TCAD 32(6):818-830; arXiv:1206.0758),best_known,the 3-qubit circuit with qubit 3 idle; no lower bound proven for the 4-qubit operator
4qubit/toffoli,4,derived: 3-qubit Toffoli circuit,t_depth,3,Amy et al. Fig. 13 Toffoli + Clifford gates,Amy Maslov Mosca Roetteler 2013 (IEEE TCAD 32(6):818-830; arXiv:1206.0758),best_known,the 3-qubit circuit with qubit 3 idle; no lower bound proven for the 4-qubit operator
2 Peres,4,Rietsch et al. 2024 Table II,t_count,7,Gumbel AlphaZero,Rietsch et al. 2024 (IEEE QCE 2024; arXiv:2404.14865v4),best_known,Table II row '2 Peres'; no target file: not defined by Rietsch et al.; Amy et al.'s 1-bit adder (Fig. 11) = 4qubit/adder is itself two Peres gates
2 Peres,4,Rietsch et al. 2024 Table II,t_count,7,MIN-T-SYNTH,Rietsch et al. 2024 (IEEE QCE 2024; arXiv:2404.14865v4),best_known,Table II row '2 Peres'; no target file: not defined by Rietsch et al.; Amy et al.'s 1-bit adder (Fig. 11) = 4qubit/adder is itself two Peres gates
2 Peres,4,Rietsch et al. 2024 Table II,t_count,7,Synthetiq,Rietsch et al. 2024 (IEEE QCE 2024; arXiv:2404.14865v4),best_known,Table II row '2 Peres'; no target file: not defined by Rietsch et al.; Amy et al.'s 1-bit adder (Fig. 11) = 4qubit/adder is itself two Peres gates; 800 s limit on 48 cores
2 Peres,4,Rietsch et al. 2024 Table II,t_count,,QCOpt,Rietsch et al. 2024 (IEEE QCE 2024; arXiv:2404.14865v4),reported,Table II row '2 Peres'; no target file: not defined by Rietsch et al.; Amy et al.'s 1-bit adder (Fig. 11) = 4qubit/adder is itself two Peres gates; 3 h limit; failed: time limit or no convergence
2 Peres,4,Rietsch et al. 2024 Table II,time_s,13.495,Synthetiq,Rietsch et al. 2024 (IEEE QCE 2024; arXiv:2404.14865v4),reported,Table II row '2 Peres'; no target file: not defined by Rietsch et al.; Amy et al.'s 1-bit adder (Fig. 11) = 4qubit/adder is itself two Peres gates; 800 s limit on 48 cores
2 Peres,4,Rietsch et al. 2024 Table II,time_s,18.85,Gumbel AlphaZero,Rietsch et al. 2024 (IEEE QCE 2024; arXiv:2404.14865v4),reported,Table II row '2 Peres'; no target file: not defined by Rietsch et al.; Amy et al.'s 1-bit adder (Fig. 11) = 4qubit/adder is itself two Peres gates
2 Peres,4,Rietsch et al. 2024 Table II,time_s,312.55,MIN-T-SYNTH,Rietsch et al. 2024 (IEEE QCE 2024; arXiv:2404.14865v4),reported,Table II row '2 Peres'; no target file: not defined by Rietsch et al.; Amy et al.'s 1-bit adder (Fig. 11) = 4qubit/adder is itself two Peres gates
C-sqrtSWAP (1 ancilla),4,synthetiq data/circuits/62/csqrtswap.qasm,t_count,11,Synthetiq,Paradis Dekoninck Bichsel Vechev 2024 (OOPSLA; Synthetiq),best_known,no target file: not exactly reachable without an ancilla; circuit on 4 qubits
C-sqrtSWAP (1 ancilla),4,synthetiq data/circuits/62/csqrtswap.qasm,t_depth,5,Synthetiq,Paradis Dekoninck Bichsel Vechev 2024 (OOPSLA; Synthetiq),best_known,no target file: not exactly reachable without an ancilla; circuit on 4 qubits
C-sqrtSWAP (1 ancilla),4,synthetiq data/circuits/62/table4.csv,t_depth,29,Table 4 baseline,Paradis Dekoninck Bichsel Vechev 2024 (OOPSLA; Synthetiq),reported,no target file; exceeds the best T-count 11
C-sqrtSWAP (1 ancilla),4,synthetiq data/circuits/62/csqrtswap.qasm,gate_count,45,Synthetiq,Paradis Dekoninck Bichsel Vechev 2024 (OOPSLA; Synthetiq),best_known,no target file: not exactly reachable without an ancilla; circuit on 4 qubits
C-sqrtSWAP (1 ancilla),4,synthetiq data/circuits/62/csqrtswap.qasm,depth,34,Synthetiq,Paradis Dekoninck Bichsel Vechev 2024 (OOPSLA; Synthetiq),best_known,no target file: not exactly reachable without an ancilla; circuit on 4 qubits
CCT (1 ancilla),4,synthetiq data/circuits/62/cct.qasm,t_count,18,Synthetiq,Paradis Dekoninck Bichsel Vechev 2024 (OOPSLA; Synthetiq),best_known,no target file: not exactly reachable without an ancilla; circuit on 4 qubits
CCT (1 ancilla),4,synthetiq data/circuits/62/cct.qasm,t_depth,9,Synthetiq,Paradis Dekoninck Bichsel Vechev 2024 (OOPSLA; Synthetiq),best_known,no target file: not exactly reachable without an ancilla; circuit on 4 qubits
CCT (1 ancilla),4,synthetiq data/circuits/62/table4.csv,t_depth,9,Table 4 baseline,Paradis Dekoninck Bichsel Vechev 2024 (OOPSLA; Synthetiq),best_known,no target file
CCT (1 ancilla),4,synthetiq data/circuits/62/cct.qasm,gate_count,64,Synthetiq,Paradis Dekoninck Bichsel Vechev 2024 (OOPSLA; Synthetiq),best_known,no target file: not exactly reachable without an ancilla; circuit on 4 qubits
CCT (1 ancilla),4,synthetiq data/circuits/62/cct.qasm,depth,51,Synthetiq,Paradis Dekoninck Bichsel Vechev 2024 (OOPSLA; Synthetiq),best_known,no target file: not exactly reachable without an ancilla; circuit on 4 qubits
Toffoli (1 ancilla),4,Rietsch et al. 2024 Table II,t_count,7,Gumbel AlphaZero,Rietsch et al. 2024 (IEEE QCE 2024; arXiv:2404.14865v4),best_known,Table II row 'Toffoli (1 ancilla)'; no target file: uses a clean ancilla
Toffoli (1 ancilla),4,Rietsch et al. 2024 Table II,t_count,7,MIN-T-SYNTH,Rietsch et al. 2024 (IEEE QCE 2024; arXiv:2404.14865v4),best_known,Table II row 'Toffoli (1 ancilla)'; no target file: uses a clean ancilla
Toffoli (1 ancilla),4,Rietsch et al. 2024 Table II,t_count,7,Synthetiq,Rietsch et al. 2024 (IEEE QCE 2024; arXiv:2404.14865v4),best_known,Table II row 'Toffoli (1 ancilla)'; no target file: uses a clean ancilla; 800 s limit on 48 cores
Toffoli (1 ancilla),4,Amy et al. 2013 Fig. 15,t_count,7,meet-in-the-middle search,Amy Maslov Mosca Roetteler 2013 (IEEE TCAD 32(6):818-830; arXiv:1206.0758),best_known,no target file: uses a clean ancilla; 1 ancilla
Toffoli (1 ancilla),4,Rietsch et al. 2024 Table II,t_count,,QCOpt,Rietsch et al. 2024 (IEEE QCE 2024; arXiv:2404.14865v4),reported,Table II row 'Toffoli (1 ancilla)'; no target file: uses a clean ancilla; 3 h limit; failed: time limit or no convergence
Toffoli (1 ancilla),4,Amy et al. 2013 Fig. 15,t_depth,2,meet-in-the-middle search,Amy Maslov Mosca Roetteler 2013 (IEEE TCAD 32(6):818-830; arXiv:1206.0758),best_known,no target file: uses a clean ancilla; 1 ancilla
Toffoli (1 ancilla),4,Rietsch et al. 2024 Table II,time_s,4.132,Synthetiq,Rietsch et al. 2024 (IEEE QCE 2024; arXiv:2404.14865v4),reported,Table II row 'Toffoli (1 ancilla)'; no target file: uses a clean ancilla; 800 s limit on 48 cores
Toffoli (1 ancilla),4,Rietsch et al. 2024 Table II,time_s,31.5,Gumbel AlphaZero,Rietsch et al. 2024 (IEEE QCE 2024; arXiv:2404.14865v4),reported,Table II row 'Toffoli (1 ancilla)'; no target file: uses a clean ancilla
Toffoli (1 ancilla),4,Rietsch et al. 2024 Table II,time_s,233.54,MIN-T-SYNTH,Rietsch et al. 2024 (IEEE QCE 2024; arXiv:2404.14865v4),reported,Table II row 'Toffoli (1 ancilla)'; no target file: uses a clean ancilla
rcccx (relative-phase spec),4,synthetiq data/circuits/62/rcccx.qasm,t_count,9,Synthetiq,Paradis Dekoninck Bichsel Vechev 2024 (OOPSLA; Synthetiq),best_known,no target file: any phases on the C3X support (input/62/rcccx.txt); circuit checked to be C3X up to relative phases
rcccx (relative-phase spec),4,synthetiq data/circuits/62/rcccx.qasm,t_depth,4,Synthetiq,Paradis Dekoninck Bichsel Vechev 2024 (OOPSLA; Synthetiq),best_known,no target file: any phases on the C3X support (input/62/rcccx.txt); circuit checked to be C3X up to relative phases
rcccx (relative-phase spec),4,synthetiq data/circuits/62/rcccx.qasm,gate_count,31,Synthetiq,Paradis Dekoninck Bichsel Vechev 2024 (OOPSLA; Synthetiq),best_known,no target file: any phases on the C3X support (input/62/rcccx.txt); circuit checked to be C3X up to relative phases
rcccx (relative-phase spec),4,synthetiq data/circuits/62/rcccx.qasm,depth,22,Synthetiq,Paradis Dekoninck Bichsel Vechev 2024 (OOPSLA; Synthetiq),best_known,no target file: any phases on the C3X support (input/62/rcccx.txt); circuit checked to be C3X up to relative phases
CCiSWAP (1 ancilla),5,synthetiq data/circuits/62/table4.csv,t_depth,6,Table 4 baseline,Paradis Dekoninck Bichsel Vechev 2024 (OOPSLA; Synthetiq),best_known,no target file: RCCX-iSWAP-RCCX construction on 5 qubits
x-Mod 5,5,Rietsch et al. 2024 Table II,t_count,12,Gumbel AlphaZero,Rietsch et al. 2024 (IEEE QCE 2024; arXiv:2404.14865v4),best_known,Table II row 'x-Mod 5'; no target file: 5 qubits; not defined by Rietsch et al.
x-Mod 5,5,Rietsch et al. 2024 Table II,t_count,,MIN-T-SYNTH,Rietsch et al. 2024 (IEEE QCE 2024; arXiv:2404.14865v4),reported,Table II row 'x-Mod 5'; no target file: 5 qubits; not defined by Rietsch et al.; not run: would need code changes
x-Mod 5,5,Rietsch et al. 2024 Table II,t_count,,QCOpt,Rietsch et al. 2024 (IEEE QCE 2024; arXiv:2404.14865v4),reported,Table II row 'x-Mod 5'; no target file: 5 qubits; not defined by Rietsch et al.; 3 h limit; failed: time limit or no convergence
x-Mod 5,5,Rietsch et al. 2024 Table II,t_count,,Synthetiq,Rietsch et al. 2024 (IEEE QCE 2024; arXiv:2404.14865v4),reported,Table II row 'x-Mod 5'; no target file: 5 qubits; not defined by Rietsch et al.; 800 s limit on 48 cores; failed: time limit or no convergence
x-Mod 5,5,Rietsch et al. 2024 Table II,time_s,60.773,Gumbel AlphaZero,Rietsch et al. 2024 (IEEE QCE 2024; arXiv:2404.14865v4),reported,Table II row 'x-Mod 5'; no target file: 5 qubits; not defined by Rietsch et al.
